day,daily_avg_kwh,peak_kwh,total_solar
21-08-2020,1.370624028,1.63194723,17.67387064
05-03-2020,1.527910466,1.879658133,17.259803
10-10-2021,1.536337803,1.895997481,15.40161237
24-04-2021,1.35048516,1.850613752,17.77349342
27-05-2022,1.527769095,1.888785493,17.07306355
18-09-2019,1.501665042,1.623296675,17.91720783
09-12-2021,1.609535837,1.980975546,16.2947733
30-07-2018,1.430837264,1.681052621,14.17371548
03-07-2019,1.534337204,1.882059595,15.61368289
28-03-2022,1.340567211,1.635694907,15.92266097
15-01-2019,1.69628565,2.133504365,16.93886528
01-09-2019,1.554550374,2.055256483,9.512511954
23-02-2021,1.602229196,2.299914149,16.43287885
20-10-2020,1.654236787,1.945669907,15.79689038
14-04-2022,1.559208477,1.903304643,16.99848106
01-04-2018,1.557352395,1.806727838,25.95868109
01-02-2019,1.635888355,1.972951904,15.32167766
16-11-2018,1.377783869,1.617402164,16.62131537
06-06-2021,1.540451586,2.091468323,17.80981203
29-11-2022,1.580790655,1.901938847,17.72659348
12-11-2022,1.590297382,2.021903725,16.62783905
13-07-2018,1.316098652,1.715330905,17.39006648
26-07-2022,1.521450371,1.933403447,17.12401298
05-01-2020,1.674911458,2.228634356,13.52841348
11-09-2018,1.524533592,1.890842789,16.06430306
09-07-2022,1.378017278,2.123672558,15.01001037
18-04-2018,1.518710192,2.006019277,18.05473903
28-08-2021,1.465743419,1.952171749,18.38146664
10-05-2020,1.667482711,1.997497511,14.99340784
02-12-2020,1.734096849,2.119422593,17.50761731
22-01-2020,1.393725189,1.746570644,16.93189834
03-10-2020,1.590178358,1.929815422,13.91922756
21-05-2019,1.63972115,1.803893212,18.83052799
16-06-2020,1.46847193,1.97919688,9.735964298
27-02-2019,1.261490777,1.493211015,17.82154218
13-02-2022,1.517931458,1.80602081,17.88391255
11-08-2021,1.369760358,1.593881777,17.17798798
16-03-2019,1.385475085,1.784373886,16.89972558
10-12-2019,1.564644443,2.053713089,14.12450853
27-10-2021,1.673657273,2.282161817,16.13709879
02-03-2022,1.463848907,1.935054449,16.74424233
30-05-2020,1.415139021,1.741673414,17.06853941
10-11-2018,1.405429251,1.834017562,17.22201528
17-02-2018,1.503713124,1.818233504,15.58712257
19-12-2020,1.610950767,2.065646091,15.96966653
06-03-2018,1.50806314,1.815476571,18.47183613
20-07-2019,1.270885354,1.837428999,17.50325737
07-04-2021,1.499188162,1.871050529,17.61587392
23-11-2019,1.406996413,1.806355119,18.37295324
07-09-2022,1.499572745,2.031451941,15.20079388
25-08-2018,1.507313128,1.817051209,18.08984175
29-07-2020,1.643918633,2.110529157,16.88732263
14-01-2021,1.550121641,1.808281408,17.37795484
01-04-2021,1.636495849,1.884073983,17.4752852
11-10-2019,1.388245083,1.755695131,20.06628647
28-03-2020,1.599072688,2.222427692,18.86119812
08-05-2018,1.472749978,1.833099803,16.41223611
22-08-2018,1.524036566,2.077441557,18.79351767
04-09-2022,1.496131254,1.97011199,15.53182377
24-02-2019,1.440690915,1.71709759,30.48820158
08-09-2018,1.533091593,1.795465518,16.01176534
19-06-2022,1.47818581,1.795614378,27.77207984
07-02-2019,1.685896933,1.898046329,17.2771415
17-09-2021,1.536581067,2.102710942,17.96210203
05-03-2022,1.447546579,1.94817699,17.40457035
14-04-2020,1.549314149,2.206539048,9.822823101
24-09-2019,1.377758606,1.710001809,16.75835815
31-01-2021,1.630360048,1.950358418,17.14133416
09-03-2018,1.637289635,2.05189676,17.49603799
22-03-2022,1.513336969,1.732106276,16.604318
12-07-2020,1.482608326,1.859166746,12.21279032
04-01-2022,1.471501059,1.693759954,17.79331245
16-11-2021,1.553079621,1.802355559,16.98300369
22-12-2022,1.537882859,2.319160109,17.67424949
31-08-2021,1.511310751,1.828975135,16.56755165
27-09-2020,1.650030491,1.892078486,18.00192024
18-08-2022,1.546285996,1.86279512,12.62750383
07-06-2019,1.388060484,1.633482594,19.81697006
04-10-2018,1.359501736,1.735798885,16.49070379
21-01-2022,1.496850542,1.978991865,28.5102908
30-06-2019,1.568776142,1.774121734,17.59461303
08-01-2018,1.514683389,2.151507735,16.1050575
20-05-2021,1.525384182,1.925598409,16.02255342
24-05-2020,1.550420643,1.871691089,18.25065116
17-10-2022,1.404058775,1.722139366,17.84770197
26-03-2018,1.524712485,2.202047652,17.27091673
14-02-2020,1.478325485,1.693523305,17.00320764
10-09-2020,1.527833351,1.864213142,15.93690151
26-02-2021,1.256662322,1.670117217,9.615664014
14-05-2021,1.555505914,1.886822064,16.83298665
02-03-2020,1.780238497,2.070293727,17.56283056
03-12-2018,1.400857577,1.795835883,16.40794603
17-06-2018,1.474449029,1.592930266,17.15822682
21-10-2018,1.401009614,1.902805945,3.53E-16
05-08-2021,1.480680095,1.858485673,15.83791626
19-07-2021,1.586664199,2.134146859,17.67742745
08-04-2019,1.375332069,1.57191247,12.8080033
30-09-2022,1.475760129,1.89779311,18.95004798
22-11-2021,1.421432028,1.961250797,19.01428701
02-01-2020,1.606378451,1.903524603,16.75939652
13-06-2022,1.457728481,1.889099724,17.94008039
12-08-2019,1.450071361,1.962902926,24.05723544
31-05-2018,1.472758824,1.651597042,17.47266053
29-08-2019,1.590067428,2.124262923,16.45304718
09-11-2020,1.399211042,1.8565598,14.07599867
16-12-2019,1.613960206,1.87074638,15.93131525
25-01-2018,1.547692564,2.014223496,17.69804762
15-03-2021,1.385779959,1.563694958,17.97244408
25-04-2019,1.607877421,2.118992337,17.94523106
06-07-2020,1.357215522,1.762392461,18.19799602
20-04-2020,1.532033454,1.88300951,16.52898822
22-12-2020,1.407787206,1.759347945,17.46029656
18-05-2019,1.620403678,1.999527366,18.66966918
28-01-2018,1.54218705,1.941084588,17.65104654
10-02-2022,1.588883591,1.840354747,18.23687939
30-11-2018,1.758016999,2.116277562,17.9586202
19-03-2019,1.697103553,2.021872828,15.26608986
04-09-2019,1.566702178,1.788473967,16.97153308
01-10-2018,1.566273904,1.860081165,14.77853054
15-04-2018,1.566965603,2.061393913,17.18437352
24-01-2022,1.545189192,2.031734679,17.40239024
07-05-2020,1.364971372,1.790766853,17.55950659
25-08-2021,1.384388047,1.847652908,16.63761448
23-10-2020,1.359004583,1.872363794,18.96270324
08-01-2021,1.680683408,2.216043627,14.28589555
17-07-2019,1.587874675,1.934470634,18.11793558
19-06-2020,1.697263372,2.090373705,10.19185522
12-12-2021,1.362572306,1.640821302,18.42734296
18-01-2019,1.413757417,1.830846528,16.50394952
10-09-2022,1.435803407,1.877589648,30.80004574
20-11-2019,1.563825815,1.913176172,16.86926977
28-05-2018,1.597031421,2.22820548,9.884393814
08-08-2021,1.381788221,1.85792483,16.05013591
05-04-2019,1.457780843,1.801666599,16.80015246
27-09-2022,1.425734834,1.735055573,17.67000734
14-09-2018,1.44164352,1.603471212,17.35132352
08-03-2020,1.420237252,2.226438259,16.09200708
27-04-2021,1.335553492,1.56970297,16.00674488
14-02-2018,1.461859289,1.78179585,15.30905087
03-11-2019,1.707388581,2.067731734,17.16683344
24-05-2022,1.713001816,2.173604718,19.069017
09-11-2022,1.196064621,1.496018307,15.69630576
08-10-2019,1.571832861,2.175808835,16.7503498
12-01-2019,1.492245463,1.858997888,17.25889635
23-07-2019,1.443591566,2.079007215,15.90837
29-12-2021,1.51149559,2.214378768,10.32482997
18-08-2020,1.376302075,1.687922308,16.48901415
01-08-2020,1.418505145,1.641684006,17.93980314
26-12-2018,1.56108002,1.895561346,17.50865866
17-04-2022,1.275231221,1.573298403,17.60221251
13-11-2018,1.406993165,1.730682711,14.27271809
30-10-2021,1.339531084,1.691488481,17.80689985
01-05-2019,1.678126891,1.862763134,18.84423232
25-03-2020,1.438533492,1.95396144,17.7018255
26-06-2021,1.402523719,1.932939565,13.82415867
26-11-2022,1.438963658,1.653946828,16.81414521
25-01-2020,1.473230896,1.781041809,17.52281706
10-07-2018,1.51150738,1.679233791,16.83343603
30-09-2020,1.34346809,1.919910273,17.86237541
21-04-2018,1.454378627,1.75230082,17.30737989
06-07-2022,1.44732612,1.689898028,17.48141633
03-02-2021,1.479792478,1.771068562,15.45170317
20-02-2021,1.592567288,2.032341721,17.06894789
04-05-2022,1.512193046,1.814101085,16.69342617
13-10-2021,1.504120568,1.883277066,15.92578607
23-06-2018,1.401519788,1.554892304,17.88397171
02-01-2018,1.368521778,1.706179058,15.10241456
09-06-2021,1.633749586,2.11221494,17.10530205
17-10-2020,1.465156621,1.905385668,17.04465271
21-09-2019,1.396779253,2.000588838,27.49923851
17-05-2021,1.715882765,1.969467886,18.07547664
26-11-2019,1.446772585,1.731639806,17.159259
10-06-2019,1.60673784,1.954278264,17.54773062
05-01-2018,1.667613344,1.916159741,16.90288599
02-11-2021,1.574195503,1.95620094,17.44848558
06-11-2022,1.541425255,1.862539246,16.71678585
24-10-2018,1.420489006,1.636622291,17.74971763
11-04-2019,1.552601343,2.302843245,17.4643173
21-08-2022,1.437978607,1.742552969,16.39260824
23-12-2018,1.66271098,1.844724732,17.0907585
16-07-2021,1.411066243,1.989964535,17.24368279
27-05-2020,1.570887718,1.794772881,16.0801706
11-02-2020,1.480251206,1.76697264,16.18261098
01-01-2022,1.497309232,1.907912839,15.02922369
09-08-2019,1.407041178,1.871525743,27.82715298
22-01-2018,1.368502883,1.678969717,18.78729603
07-05-2022,1.431585609,1.907052236,15.2716906
12-11-2020,1.484361212,1.801162698,18.00685435
03-07-2022,1.467247088,1.847669834,15.15421695
20-06-2018,1.533526779,1.846490315,16.89254333
13-12-2019,1.530718956,1.818647879,18.94206403
28-04-2019,1.478713621,1.850496866,16.42855419
18-03-2021,1.344302752,1.633268745,25.20504792
26-07-2020,1.561833907,2.152140666,16.96130142
29-06-2021,1.358452957,1.660267768,15.02796461
18-01-2022,1.520419994,1.930635973,26.20503846
04-04-2021,1.496742817,1.805664632,16.35951883
20-10-2022,1.529805522,1.708178033,17.43352386
29-11-2020,1.565042191,2.158669509,18.27110952
11-05-2018,1.439795277,1.675433597,18.9124453
16-06-2022,1.527531303,2.033911645,17.19661592
02-12-2022,1.739331375,2.19018078,18.70041074
04-02-2019,1.452479088,1.846169394,17.16503755
03-06-2018,1.675891737,1.931837077,17.35899112
31-10-2019,1.448571292,1.774743924,16.85614522
17-04-2020,1.434452312,1.811057081,15.59722463
20-09-2021,1.607381377,1.870106368,14.08625414
12-03-2021,1.463002313,1.909052755,17.88660463
25-12-2020,1.521797985,1.933962268,17.28832881
07-10-2021,1.581758698,2.221003045,17.15437144
19-11-2021,1.607117303,1.94866569,17.53863286
19-08-2018,1.608569872,1.949375178,28.47012573
09-07-2020,1.511885167,1.878674317,16.38367534
03-06-2021,1.426418652,1.904786315,17.81618989
21-02-2019,1.404371692,1.881207415,18.06937058
02-08-2018,1.529663379,1.778746567,15.60281971
15-08-2022,1.514460545,1.83470682,18.03589732
25-03-2022,1.504006145,1.75785272,16.61843429
04-05-2020,1.494670159,2.007317665,16.78430352
06-12-2018,1.405512284,1.877855593,18.45732425
12-03-2018,1.559829687,1.872268073,15.39401792
07-09-2020,1.28845068,1.723450213,18.94660481
19-12-2022,1.525246002,1.99767373,15.93328737
11-01-2021,1.334444656,1.663451902,17.31842035
29-03-2018,1.508848709,1.772304686,15.42120811
29-07-2022,1.441854615,1.683477376,16.85508364
27-06-2019,1.552004768,2.089933187,18.22063761
14-10-2019,1.468421196,1.629093544,16.48463758
17-02-2020,1.373549876,2.013438748,16.76740807
11-04-2022,1.534407372,1.888580253,12.81255103
06-02-2021,1.509158714,1.822673162,17.47287544
21-11-2020,1.526970284,1.917795457,15.96305072
25-07-2021,1.588250265,2.055205462,16.1811974
05-06-2020,1.645173312,2.005906878,18.18885371
19-12-2019,1.698749595,2.146770311,17.922602
10-01-2022,1.339204025,1.75658276,17.01334511
20-10-2019,1.393759007,1.798612088,17.60820788
04-05-2019,1.540275427,1.892010608,16.7239889
31-08-2018,1.502712716,2.095930578,26.66024193
15-03-2018,1.600560159,2.261192873,18.93811306
13-09-2022,1.421039589,1.661877751,18.03369221
06-04-2020,1.534572626,1.990299858,17.02273851
04-08-2020,1.502540172,1.766997202,17.61189833
31-12-2022,1.505027788,2.032974812,15.70266399
14-01-2018,1.573566102,1.840688003,15.34312184
27-01-2022,1.289938676,1.788481692,16.97344991
08-07-2021,1.412522331,1.790437124,10.56052524
08-12-2020,1.598674859,1.816791712,17.35552755
16-06-2019,1.480277061,1.877388795,17.69568087
27-08-2022,1.501966196,1.95573988,17.54380955
30-10-2018,1.675322677,1.919475144,16.9653648
23-04-2020,1.355639275,1.813610595,16.9845877
16-05-2022,1.479542929,1.815955541,17.76105445
23-09-2021,1.460551041,1.960047877,15.83175473
05-03-2019,1.531568039,1.857982021,15.49553763
12-12-2018,1.646007095,2.146291247,15.91484439
09-10-2022,1.416691081,1.715103299,16.53202074
25-12-2022,1.580172203,1.873489324,17.68873036
18-07-2020,1.408194456,1.592212617,16.85511286
28-11-2021,1.376250833,1.691815594,16.80874378
12-06-2021,1.493505953,1.817653338,18.44951369
04-03-2021,1.572220784,1.92104594,16.43784541
26-06-2018,1.538517551,1.923510098,16.30818733
29-09-2021,1.625839163,2.194396004,8.430185067
21-03-2021,1.446761044,1.721344693,15.26173746
26-10-2022,1.653462614,2.134856167,17.09086834
23-02-2020,1.662436167,2.203470384,18.69005422
07-09-2019,1.483514,1.866851149,15.4689361
13-10-2018,1.606271203,2.172751078,16.55408028
31-01-2018,1.430246388,1.7852197,17.14868479
08-12-2022,1.565031657,1.872780794,16.71407709
11-03-2020,1.569851733,1.839792479,27.47923561
09-06-2018,1.399843851,1.74337916,16.49933812
26-05-2021,1.409001872,1.769369148,16.63921465
22-06-2022,1.546862194,1.958498973,17.68413286
29-12-2018,1.646604798,2.036129587,25.63813299
20-01-2021,1.575398885,1.887732196,13.59435986
30-08-2020,1.44528484,2.358252797,27.23712809
06-11-2019,1.478580061,1.702662481,17.14135
16-09-2020,1.432202043,1.95600146,15.98174246
15-12-2021,1.477519616,1.821855973,15.26563379
05-06-2022,1.572376535,2.049518962,15.42803376
21-08-2019,1.500117853,2.023563752,19.39151088
17-04-2019,1.353268161,1.867671264,9.561586744
03-04-2022,1.409378908,1.603656428,15.19717476
16-04-2021,1.414839629,1.672931715,15.07308296
29-10-2020,1.524750586,1.77852093,16.41476756
02-07-2021,1.523386664,1.85203244,18.36927651
05-12-2022,1.607209554,1.914820422,27.32317996
22-11-2018,1.443808297,2.131715643,18.07320107
12-11-2019,1.455218197,1.917359624,18.09772754
06-10-2022,1.394843466,1.647189611,17.56650253
01-12-2021,1.479292489,1.963608128,17.2946729
06-06-2018,1.505639619,1.903812105,10.10022212
20-02-2018,1.493970627,1.726232781,16.01611181
23-09-2018,1.627694855,2.143469024,18.36729382
15-06-2021,1.389820141,1.775181524,17.37367005
26-07-2019,1.441150464,1.795486288,16.51391847
11-01-2020,1.502335069,1.881221954,16.56885074
15-11-2020,1.402223585,1.619171028,19.13188709
03-05-2021,1.577299412,1.959495295,17.97179997
09-07-2019,1.453017938,2.050884875,16.02681688
28-03-2019,1.427148002,1.892988914,16.17358046
20-05-2018,1.5084589,1.989110996,15.90725578
16-05-2020,1.358253509,1.568495004,17.01760953
02-06-2022,1.573598036,1.82204669,17.66952528
14-08-2021,1.472193693,1.658930612,16.9893536
09-12-2018,1.436750088,1.703119215,16.67679724
28-01-2020,1.617258026,1.967158371,16.25365286
05-08-2018,1.530627698,2.050319972,17.93206682
18-12-2021,1.625452779,1.934693807,18.83857445
25-06-2020,1.452434791,1.840320883,16.85621335
23-04-2022,1.61128343,2.360202899,17.58487691
04-01-2019,1.461187808,1.717604956,15.52434279
22-03-2019,1.465332749,1.908287681,17.78943873
01-08-2022,1.463605338,1.812027508,15.41193656
30-09-2019,1.37615903,1.755525072,18.57215461
19-07-2018,1.300190636,1.514341095,17.22324431
24-08-2020,1.586224476,2.117483921,16.96864575
06-09-2021,1.471328283,1.938147855,17.85726935
27-04-2018,1.350085365,2.029662587,16.64948587
29-11-2019,1.527432144,2.06465642,17.13374467
08-06-2020,1.610601229,1.967674197,17.18579367
09-02-2021,1.321947111,1.538285521,11.88916066
18-11-2022,1.530804903,2.11315821,18.13160428
10-05-2022,1.552718369,1.703332285,17.82024792
17-03-2020,1.45309511,1.7273172,15.01052302
13-06-2019,1.497381051,1.786489641,18.71829224
17-09-2018,1.494899761,1.922854089,17.72163831
28-12-2020,1.421973014,1.719327991,20.41999349
19-10-2021,1.47627531,2.010995289,18.00371549
22-02-2022,1.557572397,2.068206207,16.89277195
03-04-2020,1.605372226,2.059525706,18.60351993
15-07-2022,1.501353333,2.037123296,19.61026756
14-05-2018,1.598926523,2.173443255,15.73269164
27-05-2019,1.477340451,1.714289392,16.62601268
26-02-2018,1.310360759,1.624556928,15.40078546
10-05-2019,1.454932791,1.910802323,16.34713863
07-08-2020,1.652409832,2.093758021,18.40392971
11-03-2022,1.471918636,1.717237862,17.65274745
05-11-2021,1.570397145,2.057644899,17.59154816
21-01-2019,1.425872608,1.723052372,26.24053388
11-12-2020,1.561861754,1.96465364,16.77821447
06-10-2020,1.342605405,1.600809395,17.98655424
09-09-2021,1.652689174,2.035647821,17.81684942
24-03-2021,1.447289372,1.722078228,25.37475844
13-05-2022,1.621434967,1.760083454,17.05047547
18-08-2019,1.610900503,2.01447919,17.94845503
16-07-2018,1.632884895,2.215909256,17.34383428
30-04-2018,1.393598868,1.687748349,16.47774501
02-03-2019,1.489576054,2.004138871,17.75864535
29-10-2022,1.435169486,1.996486082,17.52346317
12-07-2022,1.59640693,1.816557868,24.98261784
15-12-2018,1.541620712,2.065445734,17.31627469
28-12-2022,1.423621142,1.961927394,17.03858754
23-05-2021,1.412999531,1.781625794,12.62349412
11-01-2018,1.485938901,1.772541915,28.79422298
03-02-2020,1.564954832,1.93204785,17.51153668
29-06-2018,1.320021625,1.657641678,17.33422202
05-12-2020,1.607869147,2.028333767,15.74953762
14-03-2022,1.554842432,2.149405506,17.67609891
17-10-2019,1.413841067,1.646171444,16.2693829
10-04-2021,1.256593254,1.536591861,17.73908904
19-09-2020,1.605708718,2.070875632,17.19320221
28-08-2018,1.379288921,1.727204983,16.37136594
20-02-2020,1.356812272,1.595908991,16.94888777
08-11-2021,1.383995815,1.758569888,16.59775101
22-07-2021,1.764942733,2.07835999,18.57823227
01-01-2019,1.591614563,1.828873105,17.96345398
25-06-2022,1.584449452,1.899725442,16.00638357
23-01-2021,1.638514879,2.117532593,15.40670583
02-06-2020,1.399487375,2.022562651,15.51216364
25-11-2021,1.445170939,1.868009999,15.96023738
01-08-2019,1.619160825,1.883644049,16.99189307
27-10-2018,1.504046415,1.749246133,16.67299745
24-08-2022,1.459989814,1.869734313,17.58371036
14-04-2019,1.574604284,1.738730777,14.83091651
23-10-2019,1.715693026,2.47995375,16.89826591
18-03-2018,1.470230874,1.815761198,19.12188477
08-01-2020,1.531495592,1.979517729,17.14110243
31-03-2022,1.560146794,2.059832408,14.7994356
06-05-2021,1.633498843,2.370281542,15.46566232
06-07-2019,1.533703067,2.264741474,15.49433456
28-07-2021,1.658433825,1.924919026,17.40715364
17-01-2021,1.619150391,2.116396294,16.64105198
11-08-2018,1.342291501,1.699089107,16.53532236
04-04-2018,1.461266418,1.666101992,16.62722345
22-12-2019,1.481406453,1.824249311,16.20778461
09-11-2019,1.521265359,1.850131238,16.33780436
07-08-2022,1.615391879,1.866374346,17.59257351
26-04-2020,1.427594382,1.776090767,15.81477672
10-10-2018,1.491512386,1.711430693,17.89309542
03-02-2018,1.473106999,1.782516399,13.14479488
26-09-2021,1.555570919,1.86136519,19.40029429
16-02-2022,1.462301138,1.977542663,17.21251849
23-10-2022,1.484098584,1.85562936,15.88208153
11-12-2022,1.600446105,1.95659165,10.22335945
01-11-2020,1.564424478,2.15438789,17.01119282
19-06-2019,1.507267398,1.82872461,16.71712711
18-11-2020,1.547281155,1.978883226,15.97494748
30-01-2022,1.380063499,1.712010077,15.91973153
13-02-2019,1.54807744,1.798881307,16.93683346
15-07-2020,1.370358923,1.786948374,7.798900441
13-05-2020,1.595047702,2.223357538,15.96654965
13-09-2020,1.445958463,2.256153882,17.84419101
01-03-2021,1.479778581,1.772648584,15.98225572
17-08-2021,1.619385409,2.056149912,17.31751067
10-09-2019,1.560099864,2.017913289,27.25836287
28-06-2020,1.468732585,1.744724641,15.26357133
20-04-2022,1.422710471,1.992458516,17.00301075
08-08-2018,1.52154213,1.91601859,16.6167824
07-04-2018,1.736237946,2.452051517,18.8462916
24-01-2019,1.413635333,1.817760277,17.42607164
04-08-2022,1.400766669,1.790481945,17.16803074
27-09-2019,1.592107616,2.051239766,17.93523374
14-03-2020,1.499755083,1.948313391,16.73402894
22-07-2018,1.616598471,2.232661402,17.75939503
24-05-2019,1.483915616,2.012171633,16.92188083
24-04-2018,1.656828798,2.079794942,15.64558417
10-02-2019,1.430399407,1.730347053,16.61290333
31-12-2020,1.683943005,1.906742381,18.19631156
03-10-2022,1.703126069,2.809344895,16.29979175
20-09-2018,1.505871221,1.901429352,16.92345133
16-10-2021,1.433486036,1.842050667,16.02778296
06-02-2018,1.6768215,2.030742821,18.07933337
07-10-2018,1.510539097,2.024637404,16.4542299
31-03-2020,1.483925129,1.630989376,8.732391623
18-07-2022,1.549960918,2.096562457,18.95820748
27-08-2020,1.476771462,2.023423019,16.61809064
19-02-2022,1.525481697,1.908277891,12.52262446
19-11-2018,1.681461835,1.907034502,26.39691136
07-05-2019,1.470266687,2.065813152,17.65043641
30-05-2019,1.418697065,1.668807526,16.54648956
16-09-2022,1.36473533,1.749072015,18.26856226
08-03-2022,1.462415553,1.833702867,15.45577589
15-08-2019,1.421719776,1.714136317,17.4551539
21-12-2021,1.389795241,1.876328487,15.93651994
23-02-2018,1.527826877,1.979251202,18.1756029
31-01-2020,1.515623455,1.900140802,15.51058363
26-10-2020,1.448181639,1.895913123,18.68658686
13-04-2021,1.367238691,1.743619942,16.60337398
14-01-2020,1.461132776,1.932332919,16.83138727
05-07-2021,1.435486975,1.745235764,15.65083382
30-05-2022,1.767717252,2.032552631,18.42366647
17-05-2018,1.553424917,1.788051864,17.02123388
02-12-2019,1.473198773,2.24442339,15.9753827
15-11-2022,1.564006621,1.993261597,15.78672726
12-02-2021,1.47700296,1.637265794,14.98403933
03-09-2021,1.535085553,2.031338861,19.22357017
02-11-2018,1.613070372,2.167753909,16.6199261
08-03-2019,1.562910738,1.901106717,17.0184889
22-06-2020,1.452791158,2.243594435,17.55679921
29-07-2019,1.466679869,1.789635306,17.52465499
30-04-2021,1.674789859,2.0770528,17.37642729
18-06-2021,1.622884043,2.13316291,16.24344683
09-10-2020,1.484049045,1.686764103,16.97026645
25-03-2019,1.688023033,2.230018709,14.1454699
26-04-2022,1.703013,2.146041605,16.2753194
07-01-2022,1.403820652,1.738168349,17.22610525
09-05-2021,1.675363007,1.992752371,16.03655503
25-10-2021,1.423735251,1.970353774,9.281394571
15-06-2018,1.696770864,2.111529544,9.907143603
05-09-2020,1.613901028,2.000846061,17.46878005
20-03-2020,1.437504615,1.82575793,28.48504905
12-04-2022,1.645400963,1.788554834,15.60140622
04-08-2019,1.413394799,2.040676573,18.30321918
30-01-2019,1.519678413,1.959242605,17.00604253
27-11-2022,1.254893157,1.552488421,16.61489157
18-07-2019,1.630262765,2.03627776,16.14292329
11-06-2022,1.374064568,1.97922886,16.40258426
16-02-2019,1.499090361,1.781453475,17.14210456
22-09-2020,1.385560024,1.682392627,16.63429476
24-12-2021,1.459843251,1.72629814,18.07586205
29-05-2018,1.562413137,1.867112537,15.80806117
11-11-2021,1.508826118,1.87016405,17.32133064
19-05-2020,1.456646568,1.766776385,17.28404896
29-04-2022,1.285513532,1.47992435,17.24406875
16-04-2018,1.567771576,2.087992014,16.77606044
04-11-2020,1.457161987,1.895786854,27.53835679
18-12-2018,1.487940409,1.837293271,16.24049915
14-08-2018,1.360306275,1.511407045,10.31549267
06-02-2020,1.396103709,1.592993109,17.28522449
16-09-2019,1.625649348,2.109161952,15.43270611
10-03-2021,1.595129256,1.839420433,16.18618177
27-03-2021,1.400159261,1.79891698,9.444904487
28-07-2018,1.54820673,2.129225958,16.00459683
20-01-2020,1.660640983,2.036153798,19.57323469
10-08-2022,1.429331009,1.6122071,15.94621531
03-05-2018,1.599090353,2.072120389,14.64328481
01-12-2018,1.410264071,2.116442572,27.31455527
03-10-2019,1.403379874,1.944273399,16.66156763
21-06-2021,1.507677815,1.97607434,15.63511915
14-12-2022,1.547008026,2.099506935,16.69685899
22-06-2019,1.387434133,1.621367177,15.69501192
08-12-2019,1.486334768,2.037988682,18.26205576
28-02-2022,1.48855404,2.051195726,16.77105318
26-09-2018,1.236433227,1.433153553,17.40351996
12-09-2021,1.601381925,2.108009918,15.34535644
14-03-2019,1.400007219,2.108842396,16.62230575
18-10-2020,1.434356737,2.064570581,16.76285824
04-03-2018,1.752008058,2.43495107,17.12818948
17-12-2020,1.391900373,1.601004353,19.7714589
17-03-2022,1.59928171,1.852956485,16.63845514
24-07-2022,1.486799216,2.076446026,16.30875486
21-11-2019,1.409324316,2.127088202,20.49797859
01-07-2020,1.560381105,1.992537395,17.10020835
05-06-2019,1.439191887,1.793367758,16.70830303
25-11-2018,1.513299137,2.297906633,16.97740169
09-09-2018,1.480379472,1.99831192,15.69037781
22-09-2022,1.557510186,1.982030483,15.93875535
31-03-2019,1.239402334,1.40956226,18.22345629
03-01-2018,1.548413639,1.715526467,18.06730232
26-08-2021,1.289148893,1.810477677,15.8391856
16-01-2022,1.412189871,1.916665739,17.12885934
22-04-2021,1.339060663,1.569223662,16.44785436
25-12-2019,1.446322196,1.845421773,16.74434611
03-01-2021,1.45500572,1.718114528,15.22426099
14-06-2020,1.531786678,1.768747549,17.04202181
23-05-2018,1.601568085,1.985682338,17.78961189
12-04-2020,1.514509369,1.843420973,24.05240818
21-03-2018,1.455867394,2.061699287,12.8095916
30-12-2021,1.458857928,1.985186135,17.5660128
02-10-2021,1.53401735,1.900760717,17.54242957
20-03-2022,1.28144803,1.887780157,16.91127701
21-07-2022,1.378889885,1.885667535,17.35505682
08-07-2018,1.538678568,2.107633027,16.08215025
12-02-2020,1.476710595,1.668306139,14.38287902
27-08-2019,1.340690484,1.534823968,16.71690954
29-04-2020,1.383330165,1.978324072,17.82390255
13-08-2020,1.374841108,1.702456444,15.90284238
04-07-2022,1.473750592,1.939757499,17.17077198
29-01-2021,1.517058793,2.033300474,17.46256563
11-03-2019,1.563941478,1.890789693,14.10286459
06-04-2022,1.56351682,1.984560857,18.1202768
27-07-2020,1.503518587,1.920468274,29.34670691
19-01-2022,1.592542019,2.101114287,18.41382721
09-10-2019,1.51008081,1.893206467,16.66464158
02-09-2022,1.456142214,1.877900252,18.30103099
10-01-2019,1.649066949,1.946774183,17.64985432
12-10-2020,1.400612054,1.981334198,15.06238785
24-03-2018,1.575388954,1.888100656,15.40307374
20-08-2018,1.564830386,1.911567113,17.72355177
19-09-2022,1.445286931,1.777469239,18.03474084
06-09-2018,1.631399861,1.890850806,17.85658844
29-05-2021,1.564446887,1.958130862,16.38983223
15-02-2021,1.312065528,1.667414463,18.82801944
10-04-2018,1.259912492,1.554655421,17.99694298
29-02-2020,1.497151226,2.00094398,27.20316238
15-09-2021,1.521870425,2.15749299,26.52815216
26-10-2019,1.46602041,1.909042149,16.91790144
15-07-2019,1.578141029,2.311756268,16.71514215
31-12-2019,1.749089882,2.072013904,16.20052392
06-04-2019,1.614241974,1.823855291,17.8321003
20-08-2021,1.528932655,1.768705812,16.87516397
24-11-2020,1.619793482,1.76787754,18.34010579
04-06-2021,1.349238232,1.811327863,18.49800303
05-11-2018,1.538622832,1.686122744,28.55541367
25-09-2020,1.494674424,1.838948368,17.54676217
16-08-2022,1.590682865,1.855085937,18.15394887
05-02-2022,1.373183643,1.681375488,16.78555352
23-01-2018,1.387248743,1.624195436,18.08146419
13-03-2021,1.526024312,1.797686231,17.782681
23-04-2019,1.554049812,2.328008952,16.94047397
15-10-2022,1.499793701,1.662343359,10.34029283
28-06-2019,1.742972684,2.078748597,16.03375356
30-03-2021,1.439637107,1.666298719,17.52632116
17-01-2020,1.556272495,1.875075226,15.85523841
22-05-2020,1.678205876,2.05155493,17.26972285
02-07-2018,1.42305393,1.820018048,16.81106818
09-02-2018,1.529625832,1.899610385,16.92586303
22-02-2019,1.647519705,2.084990932,15.69829305
07-12-2021,1.400049021,1.602984384,18.16292125
13-09-2019,1.460808741,1.870789038,16.57300767
28-06-2022,1.449522139,2.107275727,16.75123869
19-10-2018,1.62520758,2.123050067,17.00574349
05-05-2020,1.50941523,2.19969515,15.6965948
01-11-2022,1.406390317,1.742228128,18.71742656
03-08-2021,1.539455877,2.072635512,18.11981816
24-06-2021,1.589304386,1.918072786,17.30302438
12-02-2018,1.632739402,2.217689533,19.40004393
06-01-2021,1.302545958,1.540804268,17.17778504
13-08-2022,1.707134425,2.130249094,17.53813026
16-10-2018,1.476824123,1.829463423,17.1304002
18-11-2019,1.520709076,2.077120186,18.8872708
02-06-2019,1.408254166,1.714495899,9.981722652
07-11-2020,1.521315081,1.743711152,17.1334354
03-04-2019,1.642443136,1.85698318,16.85058396
21-07-2020,1.3297455,1.84694456,25.55258173
19-09-2019,1.365599401,1.828359912,27.02722091
25-02-2022,1.416306696,1.663807143,18.23929693
04-07-2020,1.464450771,1.966034561,18.55246857
02-02-2019,1.523380264,1.638818509,16.78002571
01-03-2018,1.521227019,1.972199719,17.09948499
27-12-2021,1.491408735,1.911736713,15.95732487
20-04-2019,1.414103809,1.758738266,17.00553702
05-12-2019,1.444940171,1.715044419,16.82807526
12-10-2022,1.550223878,1.918110215,17.0429703
12-05-2021,1.621463643,1.9409579,17.95281851
12-06-2018,1.562204402,1.833672266,16.38539659
23-08-2021,1.426028532,1.714837193,17.79992842
23-03-2020,1.597169817,1.824823785,22.45864219
29-09-2018,1.599788448,1.845985665,16.72011616
07-08-2019,1.558397202,1.97231727,16.90456165
27-01-2019,1.58432001,2.097000203,17.04141757
24-11-2022,1.634299164,2.086610242,18.71223641
08-06-2022,1.493595513,1.840926189,17.38104483
26-05-2018,1.461747211,1.950427759,17.34575478
09-04-2020,1.387277181,1.799482052,17.4155533
14-11-2021,1.658889982,2.078021507,19.59757493
25-09-2022,1.447356193,1.932859414,10.62997707
18-02-2021,1.559952576,1.97931103,19.13511398
16-05-2019,1.524468017,1.872124024,16.18106508
02-05-2022,1.449888608,1.791125543,17.41784445
02-09-2020,1.492593273,1.684696787,15.72905171
13-01-2022,1.483314793,1.841152527,18.43972911
25-07-2018,1.597124624,1.926061276,16.71456563
07-11-2022,1.585523591,2.010033403,17.17281585
20-12-2020,1.897032611,2.113542293,17.78053177
22-05-2022,1.495167546,1.784172942,17.59972641
11-07-2021,1.511169605,2.013386137,18.48327882
06-10-2019,1.660308453,2.053848496,16.99701022
06-05-2018,1.386265175,1.716807282,18.04462676
16-08-2020,1.579996625,2.056995072,18.20098135
19-05-2022,1.278267123,1.633249506,17.29292924
28-11-2018,1.628255257,1.868197959,15.48518884
17-01-2018,1.507977565,1.923620539,17.04140894
28-10-2021,1.643165185,1.985750723,18.07570887
11-11-2018,1.638774561,2.033704719,17.66288563
09-02-2020,1.568225459,1.967210784,17.37425384
07-03-2021,1.538286305,2.069885075,18.28207884
01-06-2021,1.496408657,1.675745211,17.83571619
17-11-2021,1.345973423,1.714880971,15.42021855
20-01-2018,1.502360288,2.251617646,17.94636675
14-12-2020,1.633473965,1.949935782,18.02015637
02-02-2022,1.460650775,2.066012685,19.17810859
26-02-2020,1.307387612,1.749036785,17.93736814
28-09-2020,1.42258741,1.654890424,14.31788802
08-11-2018,1.557503487,1.984903492,14.54413511
26-04-2019,1.536807019,2.023211753,16.39940345
07-01-2019,1.546489466,1.983667754,15.92559631
25-06-2019,1.495773085,1.699583209,17.67150222
11-12-2019,1.487021352,1.679150971,17.92232636
02-04-2021,1.395069175,1.774715708,15.92671642
05-09-2022,1.440491376,1.556498793,17.69574953
15-10-2020,1.508964453,1.817326651,14.6949361
11-06-2020,1.592414123,1.808121331,16.593582
04-12-2021,1.40714936,1.992770925,9.510762334
13-05-2019,1.669218424,1.969167314,16.8116358
24-08-2019,1.384956155,1.647232447,27.23777756
31-07-2021,1.34133382,1.801821041,15.3822
28-12-2019,1.518009638,2.184884572,18.78646719
19-04-2021,1.578645614,2.124336016,16.84042199
04-11-2022,1.503764381,2.028112859,13.89169983
14-07-2021,1.49497763,1.916081746,15.28049124
21-11-2022,1.52248655,1.956419187,16.53201333
25-05-2020,1.622055416,1.863105655,16.64001932
05-07-2018,1.547366508,2.142551009,15.45053722
15-11-2019,1.660246372,2.059954756,18.04647539
19-02-2019,1.504722637,2.110061645,19.2025482
02-05-2020,1.440174516,1.757464908,17.57199934
10-08-2020,1.596475637,1.800749777,18.82005026
23-03-2022,1.40750034,1.785090679,18.59589545
01-07-2022,1.399850752,1.962715866,17.43473964
18-06-2018,1.496696719,2.017269784,16.16718399
03-09-2018,1.361233012,1.676521137,16.3003005
17-12-2022,1.471030877,1.722238608,14.97268958
26-01-2021,1.513292585,1.875753842,17.18553144
06-08-2021,1.399200137,1.805250537,16.34668206
22-10-2021,1.493730221,1.802093923,16.47735398
09-01-2021,1.617444637,2.030391973,14.95770145
24-07-2020,1.50024103,1.903008177,17.07049
27-03-2018,1.44431604,1.717841534,18.3334269
09-04-2022,1.503160618,1.74870376,17.57172707
17-08-2018,1.630909799,1.92941784,15.766775
27-11-2020,1.540997224,2.015231528,17.50973033
14-06-2022,1.448486234,1.782663096,19.41809304
03-03-2020,1.515462717,2.349612905,18.41108291
15-05-2021,1.368453086,1.971277073,9.823950151
29-10-2019,1.521787973,1.8565387,16.59306712
08-02-2022,1.566766886,1.842407294,16.06051451
12-07-2019,1.603365198,1.929832471,15.77344768
13-04-2018,1.563011003,2.037922787,16.17256215
21-12-2018,1.718507684,2.019663086,16.3200236
05-10-2021,1.500819927,2.097582649,18.1872346
30-08-2022,1.495520549,1.916504525,14.7829033
07-07-2020,1.588511414,1.97369358,14.8903465
30-03-2018,1.531233753,1.924648123,17.52553817
21-02-2021,1.450722947,1.900925844,15.51478831
15-09-2018,1.539931051,1.760145301,16.28801401
25-01-2022,1.539366202,2.227534193,16.90757538
28-09-2022,1.532956913,2.202384836,16.76550896
06-12-2020,1.556373805,1.888907874,17.75312762
13-07-2022,1.494127388,1.928951664,17.27179641
04-11-2019,1.470897652,2.006585827,18.02943677
21-04-2020,1.481768042,1.824517847,16.86168706
20-06-2020,1.565812502,2.052702268,19.91488892
03-01-2020,1.496791711,1.84665294,16.56969307
09-08-2021,1.442726852,1.515167847,16.84842274
03-03-2019,1.468248333,1.813233995,17.49681874
20-03-2019,1.347267401,1.543428635,18.40677772
19-08-2020,1.351552609,1.847321467,16.40855887
23-07-2021,1.482133942,1.7028561,17.38689892
03-06-2020,1.468275975,1.774784497,16.41002249
08-10-2021,1.531848491,1.7905504,18.92974484
26-11-2021,1.42808665,1.705898511,17.24695327
14-11-2018,1.481298917,1.972418452,17.34177302
08-05-2020,1.415377972,1.798181436,18.17683855
25-05-2022,1.385351896,1.970248032,17.26271379
18-10-2019,1.419935574,1.881918512,30.69240441
23-12-2020,1.565918426,1.891310276,15.69873244
11-04-2021,1.585646336,1.881991833,18.01039545
01-07-2019,1.555129738,1.911760339,18.78234014
29-01-2018,1.494582116,1.988150925,10.14771905
11-09-2022,1.62253317,1.919139843,16.8967552
11-02-2022,1.490884088,1.775310714,18.8739212
09-03-2020,1.383420907,1.641912503,11.29817799
02-08-2020,1.330156115,1.793021042,16.6360883
27-12-2018,1.544911753,1.916763538,16.55265814
15-02-2018,1.590768497,1.98145418,18.07344351
18-01-2021,1.422550244,1.841480387,27.2095581
22-09-2019,1.541144533,1.849887041,16.75330986
28-10-2018,1.525880598,2.024057207,17.71592679
27-06-2021,1.628941047,1.989255026,9.365305452
13-12-2021,1.376218872,1.853781273,16.83317231
10-11-2022,1.510783777,1.844213908,16.72632599
14-10-2021,1.443110574,1.904891916,16.84911703
05-04-2021,1.495110112,2.044978807,17.8755851
11-07-2018,1.602009359,1.838618147,16.01871129
04-02-2021,1.508208913,1.842759025,24.2762839
07-07-2022,1.518096012,1.850677928,17.11718001
05-09-2019,1.511853633,1.959850507,17.63483692
18-04-2022,1.593212253,1.814507505,18.42527244
24-06-2018,1.349749068,1.851850035,19.16164789
10-06-2021,1.65620527,1.943317014,16.06554879
26-03-2020,1.489346335,1.887330386,18.01608187
02-05-2019,1.362303556,2.035461146,18.29014529
19-05-2019,1.555620048,2.11022427,14.13101964
09-01-2020,1.565357256,1.882496474,25.42000512
01-10-2020,1.56807292,1.812338584,16.50149435
13-01-2019,1.489481324,1.694755969,15.03656111
24-10-2022,1.40855205,1.885050565,15.43314201
02-01-2022,1.386400792,1.644382314,16.45368744
07-03-2018,1.382705878,1.723260289,16.47107235
17-07-2021,1.69364163,2.079148905,13.98763009
24-12-2018,1.4008519,1.839401281,16.91285082
28-05-2020,1.655939598,2.059948066,16.25221925
21-10-2022,1.449440182,1.942149899,17.24915712
08-10-2018,1.569177352,1.930257693,16.60674602
14-09-2020,1.570125486,1.808867186,17.20113814
20-12-2022,1.693169098,2.066352058,17.44427209
10-08-2019,1.482896149,1.837909507,14.56987888
25-05-2019,1.549890496,1.765572195,16.88660386
26-01-2020,1.670951551,2.341796812,17.0803579
18-05-2021,1.407918599,1.731509535,16.85847449
03-11-2021,1.46223679,1.973555009,16.58516707
21-06-2018,1.496906728,1.821241307,16.12007216
07-12-2018,1.651012948,2.208269592,17.94141453
12-04-2019,1.44369434,1.558047423,18.11971009
30-06-2021,1.857805831,2.201854655,16.87841154
30-11-2020,1.516888684,1.967355736,16.85995617
17-06-2022,1.384202995,1.722086874,16.55211517
08-05-2022,1.498109785,2.13377572,17.07602371
25-04-2018,1.561806925,1.822887966,18.39025188
04-06-2018,1.590441536,2.182929422,17.38727274
27-11-2019,1.589683804,2.102242973,18.19591838
13-11-2020,1.612959226,2.171767671,17.33576715
06-01-2018,1.455167332,1.729243609,14.44971657
04-10-2022,1.609406075,2.089294827,27.85278105
19-03-2021,1.538396115,1.735420018,18.37283219
24-07-2019,1.928875108,2.062251601,17.85236113
29-04-2019,1.511877092,2.123890346,16.62321397
15-10-2019,1.499105902,1.793939071,17.1585667
26-12-2020,1.540671619,2.066112925,15.87315008
31-05-2022,1.286395828,1.773007763,16.53057856
20-11-2021,1.675094076,1.913409099,16.33947321
12-05-2018,1.291141462,1.53343711,18.55729107
10-07-2020,1.505645616,1.897009304,16.40707268
01-04-2020,1.585571333,1.73630326,19.49850696
09-03-2022,1.556036636,1.789179073,20.74685601
19-01-2019,1.433495494,1.736959694,17.77550288
23-06-2020,1.629500467,2.127509127,16.0451177
01-11-2019,1.46862641,1.765165624,17.46511455
03-08-2018,1.593485479,2.058002435,16.65192954
14-12-2019,1.366281835,1.852031399,17.43598846
21-09-2021,1.466524508,2.05766728,15.16181783
12-01-2021,1.776171145,2.216540356,15.93325733
02-10-2018,1.396902643,1.712442337,16.12108848
30-07-2022,1.584597486,1.998323104,17.74328785
18-04-2020,1.603820567,2.516183612,16.44826248
04-09-2021,1.480949872,1.661317371,16.54791086
03-12-2022,1.352905578,1.693896447,15.3098589
05-02-2019,1.468017362,1.833695415,14.84759629
26-03-2022,1.575566429,2.385113823,17.46998654
17-07-2018,1.531435001,1.789002957,8.969462129
13-03-2018,1.576436117,1.726346078,16.85737032
08-09-2020,1.301477917,1.482031413,17.02469077
01-05-2021,1.425689381,1.919236396,15.71408544
11-06-2019,1.558043484,1.906125485,15.3293631
15-05-2018,1.463000037,1.891581678,17.34566833
10-12-2021,1.656463,2.02211905,15.3192334
31-07-2018,1.608771987,1.968781387,16.85369446
13-11-2022,1.338662521,1.667671283,18.4145512
08-04-2021,1.607199091,2.008539194,14.1455231
04-07-2019,1.569688142,1.963620793,17.19173216
18-02-2020,1.427170422,1.626953092,16.75490043
16-01-2019,1.535081822,2.204753238,16.12465997
24-09-2021,1.559623927,2.089995558,15.48705974
22-08-2020,1.455721612,1.756542463,17.88484926
06-03-2020,1.464333625,1.73445703,16.91951048
11-10-2021,1.515419271,1.844307448,17.18602257
30-12-2018,1.510930022,1.940335433,18.48304803
23-11-2021,1.542682298,1.928973477,16.62918429
25-04-2021,1.627625403,1.900316956,27.68658263
30-11-2022,1.519985483,1.995869459,15.34273142
17-11-2018,1.642045376,2.073149925,17.52265249
04-10-2020,1.675844924,1.89812506,10.00897289
07-06-2021,1.475836563,1.974100369,16.8508265
29-03-2022,1.54716012,1.875845218,16.07726144
27-07-2022,1.501995219,2.037883721,16.81951369
14-07-2018,1.52843611,1.869764373,17.63144734
06-01-2020,1.538838595,1.775767726,10.57956437
02-09-2019,1.599517515,2.279226176,17.30559325
10-07-2022,1.61009721,2.088382795,16.63864555
07-02-2021,1.383185512,1.890713467,18.77408866
24-02-2021,1.555189271,1.761566763,18.93287315
16-08-2019,1.71762984,1.953278724,18.06258871
21-05-2021,1.601084922,2.051671594,9.153277437
21-10-2020,1.577693893,1.942855553,17.17302997
02-04-2018,1.494626874,1.885355943,26.31784327
15-04-2022,1.576910324,1.743720947,19.60263031
23-01-2020,1.631898752,1.935866924,17.49943994
17-06-2020,1.434549588,1.923921182,18.97934782
22-05-2019,1.515134645,1.808362467,18.48755326
08-09-2022,1.630096101,2.329719938,17.3712233
14-02-2022,1.565734266,1.87705131,2.27E-16
26-08-2018,1.418439003,1.805848222,16.75309314
12-08-2021,1.360358938,1.69939581,14.84321339
01-02-2021,1.135410501,1.716930026,19.4999054
12-09-2018,1.491979316,1.923320773,16.91696731
29-08-2021,1.379340149,1.86819757,18.89480837
19-04-2018,1.379140908,1.710102261,15.22457886
31-05-2020,1.421022103,1.60529027,16.57322708
11-05-2020,1.570808678,2.088219491,18.61969772
25-10-2018,1.49590787,1.738161402,16.06811244
22-08-2022,1.58135166,1.88316788,16.85024996
16-12-2021,1.535189026,1.939992442,17.52371655
24-11-2019,1.53184918,1.663444477,17.02744564
16-11-2020,1.445167004,2.234294923,18.65125349
21-07-2019,1.588466595,1.942315324,16.15468121
28-02-2019,1.48310285,2.053317038,16.77260063
30-07-2020,1.638165462,2.271904431,15.69988462
26-12-2022,1.410578483,1.845575516,17.40040446
17-03-2019,1.492302198,1.744335568,17.01884354
18-02-2018,1.647348638,2.307765943,17.6225938
03-03-2022,1.599265444,1.969542538,15.65179977
07-11-2019,1.622756913,1.934323235,17.27632357
03-12-2020,1.489855524,1.791603365,17.01385229
22-04-2018,1.482546191,1.622913491,16.70674519
20-06-2022,1.592795051,1.85736002,18.75204366
01-09-2021,1.407995843,1.871832107,18.91232705
05-05-2022,1.319945531,1.606575337,16.45674919
08-02-2019,1.443544174,1.952217637,16.75807992
27-07-2019,1.518390994,1.923699921,14.78711839
16-03-2021,1.490062141,1.823569441,16.74725226
12-10-2019,1.410418112,1.905478346,15.53814985
09-05-2018,1.534396444,2.02437625,15.69905773
23-08-2018,1.588042436,1.834857781,16.27332755
13-07-2020,1.33721891,1.581136892,10.15411555
29-03-2020,1.525129644,1.829623462,16.22885651
17-02-2022,1.526704166,2.035422,15.06528514
25-02-2019,1.477850283,1.929557056,18.13820248
11-09-2020,1.504643566,1.720424427,18.00623825
10-12-2018,1.408822912,1.692394338,17.000853
23-12-2022,1.396357806,1.863714798,17.96338132
06-08-2018,1.532851021,2.045283036,17.70978545
21-02-2018,1.556019103,2.069191929,17.76306737
06-03-2022,1.608340498,1.96410044,14.61814682
19-08-2022,1.572712918,1.880927355,16.11826524
29-01-2020,1.517748819,1.753141677,17.80750126
15-04-2020,1.320952438,1.962269119,17.41549237
31-10-2021,1.461281764,1.852108084,15.58883602
08-06-2019,1.293354253,1.61575613,16.72551873
25-09-2019,1.470925606,1.993564211,16.44829805
02-08-2022,1.40410116,2.127186,16.83934541
22-10-2018,1.65667422,1.970092587,17.34062149
10-03-2018,1.638579271,2.293779948,18.63428793
15-01-2021,1.495883959,2.035226472,17.11020967
15-02-2020,1.476653114,1.919457429,17.75149518
30-08-2019,1.467800751,1.66196049,14.24387725
10-11-2020,1.471761806,1.834679058,27.91364408
28-04-2021,1.480508173,1.620466777,9.090886638
01-10-2022,1.679733159,2.007395428,28.99527805
04-12-2018,1.34111591,1.814536109,17.81327304
14-06-2019,1.554641287,2.133403113,17.01641814
20-07-2021,1.50259214,2.032250755,17.39498069
05-10-2018,1.482345718,1.78732061,16.47990329
23-03-2019,1.393536389,1.881548269,13.9204963
18-10-2022,1.444802925,1.836115449,18.45449583
25-08-2020,1.464889873,2.07208511,17.86491437
05-01-2022,1.275115328,1.643434865,16.65649007
13-08-2019,1.513921251,1.861441515,16.96153675
27-02-2021,1.557879636,1.944813813,17.48359972
01-06-2018,1.40340196,1.519258542,15.08203776
17-12-2019,1.458538363,2.070543378,17.40818516
11-05-2022,1.461479945,1.97575501,14.28838857
18-09-2021,1.49977614,1.861762631,16.48744863
26-01-2018,1.683873017,2.116485483,17.03183756
24-10-2020,1.38356519,2.027805209,16.95635961
09-04-2019,1.566730675,1.912798963,16.73842264
03-07-2021,1.638834532,2.055792835,16.11958715
22-01-2022,1.561997013,1.871985393,16.84688008
09-01-2018,1.658417493,2.313594188,16.33914135
28-05-2022,1.534719392,1.981883243,16.86671752
16-12-2018,1.535525835,1.743153222,16.24695714
27-04-2022,1.349507863,1.615373506,15.48591566
29-12-2022,1.524315385,1.840788642,16.50207426
12-01-2018,1.501597412,1.913539115,17.56949021
24-05-2021,1.618180915,1.838295839,25.05365483
04-02-2020,1.670224644,2.033186618,17.46127409
22-07-2020,1.399228249,1.577100009,17.49314557
08-03-2021,1.425786059,1.741005631,17.27627962
30-06-2018,1.5590319,2.027558256,16.53182345
07-10-2020,1.589394674,1.723024316,17.6911051
25-03-2021,1.532178868,1.874980098,14.11205769
10-09-2021,1.405793009,2.107387418,16.0044252
12-12-2022,1.588450928,1.904844812,18.07961144
19-08-2019,1.474542814,2.206822302,15.50295196
14-05-2022,1.610352841,1.84569835,16.52615494
01-05-2018,1.433021267,2.108489059,17.68252545
30-10-2022,1.535938892,1.92814536,17.29597066
23-10-2021,1.442770189,2.027156594,18.03348164
06-12-2019,1.597480207,1.932875844,24.53407403
02-01-2019,1.492967877,1.773294068,18.69471665
13-06-2018,1.582129589,2.014511083,17.66964255
26-06-2022,1.509002663,1.980782517,16.85821309
24-01-2021,1.520659731,1.745666615,17.3526419
02-08-2019,1.603271993,1.809350988,17.80310775
20-09-2020,1.564889172,1.976790644,17.64379914
15-03-2022,1.65894643,1.85088995,17.7454831
29-08-2018,1.481857087,1.811842338,15.05676312
09-06-2022,1.740658784,1.956073119,13.30074567
21-02-2020,1.520222513,1.874852756,9.084145596
09-11-2021,1.247612893,1.748844754,16.06633991
21-04-2019,1.457010237,1.62058332,18.11652202
02-11-2020,1.298602304,1.514379147,17.91399074
07-07-2019,1.574170712,1.908309699,18.05684005
14-01-2022,1.441715174,1.976131364,8.829064659
29-07-2021,1.507324545,1.746834791,18.16258093
12-08-2018,1.382912943,1.683905953,18.58229184
23-12-2019,1.632486297,1.935955983,17.93481966
15-04-2019,1.650539767,2.200198443,16.63842587
25-08-2022,1.445504994,1.750377368,17.74797568
24-10-2019,1.468726214,1.893488679,16.28507818
08-08-2022,1.419121362,1.605738978,16.6682015
01-01-2021,1.746563071,2.299853772,17.16543261
19-03-2018,1.561933298,1.787071235,17.36125412
01-04-2022,1.446490731,1.702129866,18.62147938
18-01-2018,1.601104109,2.09452077,18.30538753
07-05-2021,1.459933257,1.912010476,16.90231147
20-06-2019,1.431733246,1.83532658,15.81008381
19-11-2020,1.564835332,1.90425197,17.99982236
07-10-2022,1.68495448,2.03420565,17.07138673
31-01-2022,1.612812981,1.971534512,15.70467589
16-07-2020,1.192158648,1.39093964,17.61662168
14-02-2019,1.416240044,2.207486032,18.79089735
05-04-2018,1.441754691,1.673330242,18.34798307
24-09-2018,1.483501609,1.780502435,17.10404985
28-01-2019,1.508303533,1.843250202,17.91144232
27-04-2020,1.506796719,2.095283448,15.94141954
11-10-2018,1.405423439,2.251794751,16.12499769
29-06-2020,1.541047455,1.827594564,13.21112807
27-09-2021,1.449299911,1.978683803,16.43080108
05-08-2022,1.432001353,1.865851241,18.13947503
17-10-2021,1.692216499,2.170789139,17.42081273
26-03-2019,1.449443866,1.815529888,16.93202384
23-07-2018,1.433035364,1.912164049,17.65018306
28-08-2020,1.58188546,2.134619649,18.06840676
22-03-2018,1.530164959,1.845514089,18.14661088
14-05-2020,1.381704003,1.817151609,17.86540453
04-04-2022,1.544094403,2.019804717,17.11169992
02-03-2021,1.536085867,1.748294955,16.24097049
13-02-2021,1.400325979,1.925832928,16.036844
01-08-2021,1.413558819,1.824195208,15.61386991
27-02-2020,1.479054542,1.759994304,15.334627
11-09-2019,1.526047829,1.846870023,24.71850307
08-04-2018,1.484820194,1.827708984,16.19888384
21-04-2022,1.602890504,1.967676817,16.91991994
30-09-2021,1.44053045,1.733737124,17.78677186
27-10-2020,1.42042688,1.575666412,15.36021543
15-03-2020,1.572300352,1.791010184,17.53725858
22-11-2022,1.286172423,1.669984669,16.73606768
07-02-2018,1.73520204,1.957207385,16.88430726
19-07-2022,1.719299852,1.924357394,18.24451227
10-11-2019,1.463765374,1.757501395,17.48414558
15-12-2020,1.375684372,1.883111495,15.98625244
11-08-2020,1.699321063,2.011028185,17.28674987
21-09-2018,1.601574738,1.918682039,26.57164791
13-06-2021,1.60188841,2.177754643,17.22475663
03-02-2022,1.730722588,2.171456211,28.30377618
25-01-2019,1.586861229,1.812131987,17.87245179
10-10-2020,1.60212383,2.065516644,17.82202703
15-01-2020,1.210328426,1.440129358,10.67279587
28-03-2021,1.455839152,1.859571649,18.5486568
06-07-2021,1.521573598,1.835768078,18.71906928
18-05-2018,1.525543688,1.942475897,9.841339919
31-08-2022,1.52854502,1.901338954,19.5137922
20-02-2022,1.374792434,1.802955902,17.31930167
17-09-2022,1.724788499,1.952050658,19.18016781
08-05-2019,1.586015593,1.873236618,17.96694567
04-09-2018,1.439651818,1.779442225,17.41520748
24-02-2018,1.533052069,1.960964026,16.71617622
09-12-2020,1.538518626,1.921259885,18.47377676
19-06-2021,1.627852374,1.918043189,17.34669048
30-07-2019,1.607413202,1.992495914,16.88838537
28-09-2019,1.51471593,1.832642358,8.69841945
13-07-2019,1.461765669,1.807292682,18.0776052
14-04-2021,1.608118689,1.842013886,16.55660336
23-09-2020,1.325371272,1.6772055,16.96636148
08-01-2022,1.461791445,1.73670527,2.91E-16
20-11-2018,1.645028841,2.172735048,26.30126992
18-08-2021,1.394250483,1.81934574,14.68845492
03-11-2018,1.568709673,2.059016369,15.52701198
06-06-2020,1.465558249,1.84824582,16.51019676
16-11-2022,1.43035617,1.790908127,16.82074141
22-12-2021,1.433781678,1.668370479,26.21790944
09-03-2019,1.568494624,1.896195662,18.63804845
01-02-2020,1.301803837,1.623926247,17.25374951
28-08-2022,1.616993599,1.738788554,17.55843905
27-02-2018,1.599695394,1.982542773,18.17235577
31-10-2018,1.544145441,2.049311195,17.0062303
12-03-2022,1.376858906,1.673114106,17.49145459
04-10-2019,1.577958192,1.778555636,17.32810225
18-04-2019,1.553332022,2.028187371,17.05329905
20-05-2020,1.400424676,1.874387313,17.58026631
10-05-2021,1.40033045,1.90849162,18.79136164
05-08-2020,1.531305955,1.702180106,16.91181104
03-12-2019,1.581390625,2.089827632,17.55289519
09-07-2021,1.59258591,1.843709487,18.93647117
17-06-2019,1.603322414,2.028735671,17.5104822
15-08-2018,1.421221606,1.744795248,9.607076959
21-01-2021,1.580031387,2.238074814,16.3736941
07-09-2021,1.410579374,1.985272865,15.63783877
05-05-2019,1.557403016,1.897422294,17.55439769
17-02-2019,1.669483854,2.17016318,16.17898146
16-03-2018,1.401453139,1.604372227,17.45465225
27-10-2022,1.511997933,1.945321663,2.30E-16
14-10-2018,1.360259224,1.85232387,17.46261944
07-04-2020,1.445436777,2.040573859,10.78614036
22-11-2020,1.301122249,1.883950693,17.33574546
31-05-2019,1.563981982,2.004900155,16.37898478
11-01-2022,1.53486978,1.884786508,16.53605027
19-07-2020,1.455341365,2.12937229,19.48360416
27-06-2018,1.487271568,1.745058788,18.05215831
20-12-2019,1.471527151,1.756459481,16.69048659
17-09-2020,1.399293231,1.70001443,16.94570719
22-08-2019,1.483142414,1.867151211,18.72074638
24-04-2020,1.45789014,2.112734242,16.51900618
17-05-2022,1.336684534,1.883359515,17.64626283
09-12-2022,1.387560464,1.683023698,18.00259667
01-02-2018,1.529236788,2.102216327,17.50051133
26-11-2018,1.465243946,1.815177013,16.67413804
15-01-2018,1.385127945,1.862179552,17.1743285
10-10-2022,1.428430481,1.772851152,17.55268256
23-06-2022,1.480194624,1.893737783,14.82330707
27-05-2021,1.304354181,2.007332078,17.46199016
10-06-2018,1.421212602,1.677544569,16.88136164
28-01-2022,1.693160757,2.069275407,19.07116925
11-02-2019,1.471199567,1.684242666,17.1463938
07-02-2020,1.577648644,2.00312715,18.26081939
05-03-2021,1.623564443,2.058561753,18.62366795
21-10-2019,1.442944684,1.57968396,20.44407748
22-03-2021,1.530787256,2.055740507,16.88993218
04-01-2021,1.379199749,1.646552845,17.45570383
18-03-2022,1.471007026,1.947441795,16.48538564
06-06-2022,1.62134527,2.258295378,26.053879
24-02-2020,1.447863907,2.283954121,15.69971578
12-11-2021,1.471983885,1.800474981,10.68955684
13-12-2018,1.600325853,2.085808014,15.47397651
12-03-2020,1.544917757,2.007872759,18.38874308
01-04-2019,1.390935012,1.825994716,17.06762775
29-11-2021,1.45090214,1.859657449,16.88390968
09-08-2018,1.658419308,1.990140121,16.79095516
26-07-2021,1.406042696,1.900500299,18.75537008
31-08-2020,1.567718795,2.415634336,18.48299956
20-09-2022,1.656210598,1.95282349,9.731103076
02-12-2021,1.660117634,1.945062872,16.80197125
11-05-2019,1.384737786,1.659430584,17.05896824
07-06-2018,1.31125702,1.74617167,18.69449033
12-01-2020,1.400086668,1.682828567,16.94827052
16-06-2021,1.587245075,1.837206047,10.73589473
30-10-2020,1.483230023,1.840141967,17.86468591
17-04-2021,1.49636152,1.829504694,12.83306898
10-07-2019,1.493848073,2.146126167,18.65509004
29-12-2020,1.533051745,2.016983854,18.69485808
03-06-2022,1.601258895,1.997696014,27.49013215
21-05-2018,1.455101006,1.905018148,14.67103214
26-12-2019,1.578226652,1.863079226,15.73389252
04-02-2018,1.582961577,1.918349433,16.67765445
15-08-2021,1.523630761,1.654643515,17.54545682
30-04-2020,1.408975384,1.779868431,17.19039425
30-05-2021,1.672922875,2.115081557,17.46596676
06-11-2018,1.317409917,1.475081948,16.65959689
19-11-2022,1.630845824,1.974054925,17.82468112
26-06-2020,1.523253619,1.961776183,17.31420115
19-12-2021,1.507329932,1.891965367,16.99214846
04-05-2021,1.564761494,1.882507944,17.47364373
08-09-2019,1.509383243,1.791449123,16.6835995
07-04-2022,1.488965281,1.81571249,17.95641113
23-06-2019,1.44532031,2.217565443,15.74180654
20-07-2018,1.4108977,1.723434507,18.39002613
29-03-2019,1.430172017,1.86262375,18.59036981
06-12-2022,1.80080942,2.027063909,17.90933907
23-11-2018,1.63397234,1.844877439,17.14877078
17-05-2020,1.513839984,2.11548473,26.0878886
13-10-2020,1.713471913,2.145959372,10.14863938
10-02-2021,1.521496822,2.048408678,10.50267164
09-06-2020,1.637926075,2.211193293,17.01376073
30-11-2019,1.387702709,1.634053412,18.06201795
14-09-2019,1.566945964,1.965616426,16.82146451
11-04-2018,1.590626952,1.957043005,13.74670097
06-11-2021,1.474248052,1.994862283,16.14732321
06-03-2019,1.623515788,1.754105871,14.93937697
02-11-2022,1.630660151,2.218190926,28.15851891
01-10-2019,1.418180153,2.074863918,15.87433116
24-04-2022,1.241398561,1.449054782,15.70866577
21-08-2021,1.669130514,2.019653201,19.04602269
03-07-2018,1.469232851,1.918358302,14.03139978
16-07-2022,1.545237228,1.84211804,16.39318534
13-11-2019,1.378151419,1.680099096,30.68831006
28-05-2019,1.602055917,2.162155291,19.27110307
28-04-2018,1.560419776,2.021462589,17.23244853
29-06-2022,1.551749897,1.832462093,17.41819432
08-08-2020,1.518274131,1.916839461,16.76602798
22-01-2019,1.469555302,1.795499525,16.78830243
18-03-2020,1.657488658,2.11386635,9.343843031
01-09-2018,1.226104055,2.017180133,17.50337688
14-09-2022,1.433951335,1.861045844,16.64087156
12-12-2020,1.431577661,2.151607586,17.27630359
05-01-2019,1.348791603,1.617068016,15.89225334
18-09-2018,1.545134157,1.92557211,18.47974353
20-10-2021,1.510035769,1.885889523,16.28569523
23-02-2022,1.473577992,1.807668298,9.028431788
04-04-2020,1.52019729,1.835514398,14.97362144
13-10-2022,1.501899693,2.039737714,15.25133457
18-03-2019,1.499832131,1.778691898,15.97156989
14-04-2018,1.529664075,1.990872779,17.5646418
24-08-2021,1.372854913,1.715952392,17.14173314
06-05-2020,1.583532277,1.94184986,16.14299521
30-09-2018,1.369018869,1.787065406,16.76320548
05-07-2020,1.593357182,2.103547357,17.97124239
21-12-2020,1.626941982,2.317830643,24.45705198
18-01-2020,1.637304334,1.829095538,18.11387478
17-10-2018,1.507352712,2.261691688,15.59528371
09-02-2022,1.707809563,2.10317226,16.56961611
28-07-2022,1.444508227,1.882140684,18.56625587
29-11-2018,1.509956426,1.887567768,15.66128997
26-09-2022,1.60414548,2.071475422,16.43099467
04-04-2019,1.51589423,1.883131425,18.5991059
03-09-2020,1.68457478,2.003522269,17.27044377
26-02-2022,1.675063548,2.043226158,16.50874562
02-11-2019,1.550383677,1.788941572,17.45455753
26-04-2021,1.473505832,1.759991527,19.00988171
16-07-2019,1.51921765,1.858642323,18.82940583
11-12-2021,1.473538139,2.011257408,18.63779627
13-02-2018,1.623883846,1.992579635,17.18868119
07-01-2021,1.567204077,1.983281882,16.81148437
18-06-2020,1.532768985,2.002133019,17.69814828
02-03-2018,1.627490523,2.06799099,18.35123323
27-05-2018,1.417002713,1.8426813,16.93093324
19-11-2019,1.604352465,2.233148852,18.82434679
07-08-2021,1.300590415,1.902849514,17.36369992
20-04-2021,1.451841768,1.704097414,17.97531116
02-02-2021,1.623932015,1.932434391,16.74836086
29-10-2021,1.584510248,2.083662496,15.89078223
12-11-2018,1.367913514,1.833892252,16.1147778
24-03-2020,1.460615275,2.110944738,17.47177214
01-01-2018,1.42618086,1.812862193,16.5521392
23-05-2022,1.655509773,2.031762032,16.74410478
26-07-2018,1.549885746,1.880543065,15.37994204
12-07-2021,1.498071166,2.244167677,18.01910161
10-04-2020,1.469717632,1.791636559,16.94806345
17-08-2020,1.436287981,1.816302076,15.90733196
28-12-2021,1.482530221,2.128998892,28.2032097
11-01-2019,1.437376059,1.889584128,16.05125926
19-02-2021,1.531545246,2.059637811,24.74018688
20-04-2018,1.695232499,1.993689353,10.40350449
17-05-2019,1.587851307,1.897187246,13.47513646
03-05-2022,1.376810111,1.679178932,16.34286658
20-09-2019,1.57584041,1.864843795,16.74818186
10-02-2020,1.532207894,1.992094242,10.10954636
16-10-2020,1.522571462,1.799790128,16.26879689
25-06-2021,1.521507618,1.769491976,18.86501874
08-11-2022,1.751441956,2.264967386,15.95075889
24-01-2020,1.433310521,1.650218165,17.02393037
25-11-2022,1.544169811,2.083835103,16.71250945
07-10-2019,1.545773108,1.799649087,15.59152324
22-07-2022,1.550492262,2.060038317,16.10125958
03-06-2019,1.357557077,1.699667815,19.50597749
09-07-2018,1.524057544,1.778540722,16.71968534
20-05-2022,1.521145624,2.030875342,17.19439363
07-05-2018,1.371368991,1.593429642,17.25808366
08-01-2019,1.548987572,2.018611786,16.25301574
26-06-2019,1.318572761,1.65623596,17.06003962
05-11-2022,1.514418232,1.698473843,16.85777765
23-10-2018,1.431801576,1.844254861,17.43635345
28-11-2020,1.611255726,2.152071733,18.53798155
12-06-2020,1.548345742,2.106018296,9.619398556
18-11-2021,1.359910799,1.628483545,19.5499767
06-05-2022,1.474054837,1.972396415,16.74238685
09-11-2018,1.491725406,2.108451949,27.28578819
04-01-2018,1.446621046,1.719456066,16.00481915
17-01-2022,1.554030148,1.8629462,18.34585647
29-09-2020,1.615674685,1.89967252,17.84304857
27-04-2019,1.562788391,1.889804386,16.9559117
09-06-2019,1.64697665,2.092241572,19.73100054
29-12-2019,1.408396213,1.697847477,17.74580307
15-07-2021,1.425980125,1.662131561,16.56029596
03-04-2021,1.671074183,2.033889856,18.14924877
10-05-2018,1.588026743,1.831748164,14.70592826
19-10-2022,1.622345443,1.861351811,15.57708347
06-07-2018,1.537512958,1.983664655,29.06943079
26-05-2020,1.479077495,1.668561034,24.96958952
08-08-2019,1.550174412,2.057101386,14.87716945
26-02-2019,1.476970726,1.688193812,17.73882471
21-01-2018,1.446660377,1.892268542,18.8974391
14-05-2019,1.299518402,1.715091681,17.73645324
25-08-2019,1.546103804,1.928009109,16.27964871
02-07-2022,1.518551396,1.847646159,16.0380159
16-04-2020,1.439497869,1.75157284,18.78828617
19-06-2018,1.428213265,1.978803149,17.91420094
12-12-2019,1.516445289,1.920288483,16.54700373
10-01-2021,1.4663499,1.872019821,27.00534531
25-07-2020,1.358101439,1.813101367,17.63073839
06-10-2021,1.453190284,1.816695654,16.45370518
31-08-2019,1.276468775,1.462130625,15.59434607
15-06-2022,1.380752884,1.664750297,16.74003535
16-11-2019,1.376843155,1.756850966,14.86891006
20-02-2019,1.49083023,1.994062143,18.48443413
03-05-2020,1.420966991,1.712743257,16.19397556
03-02-2019,1.481506713,1.882080046,24.49786254
11-11-2020,1.562911608,1.866346952,17.17601729
05-12-2021,1.404342862,2.059692965,15.7043619
24-03-2022,1.488391697,1.769227336,15.14536731
28-03-2018,1.446079062,1.881697633,16.50539675
13-10-2019,1.619616234,1.994964868,12.45783029
22-12-2018,1.470069341,2.021598067,17.68616355
10-04-2022,1.488139401,1.593270045,18.78434886
08-07-2020,1.490244933,1.830134407,18.60630974
18-08-2018,1.408391085,1.9726368,19.63195825
02-06-2021,1.533862328,1.839094573,17.29828196
16-05-2021,1.444723096,1.747763119,17.11449731
04-03-2020,1.6066359,2.049621254,16.37973019
01-08-2018,1.464690539,1.856636037,18.22262902
19-09-2021,1.273387146,1.612159512,9.257877093
14-08-2022,1.677317819,2.047681625,16.75282504
30-10-2019,1.60626163,2.052886911,12.67807398
18-12-2022,1.532168659,1.984353643,16.75538205
27-01-2021,1.646808976,1.876678059,17.57645429
31-01-2019,1.531974577,1.743878079,17.43690263
19-07-2019,1.493144444,2.110060609,19.00178412
28-11-2022,1.456643632,2.052116425,16.82266352
12-06-2022,1.459385006,2.119758829,15.88909696
30-05-2018,1.580287612,1.898312589,16.40025562
04-01-2020,1.337306063,1.708062837,16.60453139
25-12-2021,1.591360046,2.027897011,16.78180537
26-10-2021,1.627400434,1.965708459,18.50751512
22-02-2021,1.542681147,1.838034814,18.83268443
29-09-2022,1.542350553,1.91312934,17.00042543
21-03-2020,1.647342474,1.925780696,17.84790974
06-09-2020,1.630986894,1.929207522,18.05095151
13-04-2022,1.358824587,1.628688229,17.52239583
26-05-2022,1.592222957,1.81395961,16.5626427
21-01-2020,1.48643872,2.148865678,18.34605051
29-07-2018,1.641529315,2.382531839,24.10834098
11-08-2022,1.621786007,2.0886758,17.24094838
02-12-2018,1.370921049,1.948030173,15.30478459
22-06-2021,1.40758019,1.848836882,9.185032974
12-02-2022,1.572515083,1.904397714,16.56104957
15-12-2022,1.478797823,1.725204628,12.36091221
30-04-2022,1.414483143,1.800582565,17.46403124
20-08-2020,1.565050821,2.136721677,16.02779585
05-11-2020,1.516411954,1.8347212,16.32498503
17-04-2018,1.504624241,1.924175344,17.56330601
09-10-2021,1.628889407,1.984891577,15.25984592
17-09-2019,1.558345306,1.864917321,17.07404381
11-03-2021,1.454075955,1.845357089,17.29362229
18-12-2020,1.420194173,2.137867509,18.16507216
28-06-2021,1.608865366,1.910670353,15.80759502
04-05-2018,1.48632234,2.000732085,14.8794603
22-11-2019,1.656957908,2.1136536,17.53953303
25-07-2022,1.651522773,2.032426025,17.08706306
12-07-2018,1.523336645,1.89826137,18.46028173
06-06-2019,1.566032606,2.080189043,17.98632706
02-07-2020,1.712417552,1.99365527,17.42620886
08-07-2022,1.554999353,2.031086896,15.9997041
15-03-2019,1.426219838,1.685046904,15.73321068
19-10-2020,1.463024045,1.802087792,17.49858646
27-09-2018,1.353589544,1.484136971,17.86459092
13-09-2021,1.680441386,1.87971853,17.35892198
01-03-2022,1.5845253,1.759142208,18.6921607
16-02-2018,1.671813649,2.057201772,26.54756674
01-12-2020,1.585831523,2.064456337,18.74349077
05-03-2018,1.496390945,1.933521358,17.41715518
15-06-2020,1.536986358,1.735775533,18.97667665
20-05-2019,1.54537908,1.742055734,17.57925973
06-04-2021,1.505340263,1.877768165,17.76139432
24-05-2018,1.492786318,1.949461685,17.71340271
06-09-2022,1.336460992,1.719208283,15.19720856
14-01-2019,1.64678752,2.001172185,17.3741321
31-12-2021,1.492882742,1.978302131,18.63601718
10-09-2018,1.693021379,2.210957197,16.80700586
09-12-2019,1.436638101,1.736364642,17.55978363
23-09-2022,1.473036234,1.771460227,16.54650995
27-08-2021,1.486887036,1.824603028,18.8251043
29-05-2020,1.539985279,1.767608085,9.01750232
27-03-2020,1.564767497,1.932883017,15.22957631
05-08-2019,1.816507383,2.166649312,18.091136
23-04-2021,1.539776745,1.971822039,15.84106662
23-02-2019,1.427517721,1.954626995,16.45589609
21-12-2022,1.641387812,2.083918066,10.39300898
11-08-2019,1.44775006,2.070927119,17.0809078
07-09-2018,1.644796685,2.162447916,14.11559485
16-09-2021,1.482949371,2.02044258,18.51470179
27-10-2019,1.583999941,1.790335804,14.45704703
04-03-2022,1.447731822,1.854017961,16.87206636
13-04-2020,1.547579759,2.082326843,17.27753212
14-08-2020,1.401251054,1.798988373,15.66616398
05-07-2022,1.531335901,1.807655195,18.1312284
30-01-2021,1.562401408,1.875319225,18.45742602
28-07-2020,1.484436703,1.664949147,16.78331582
08-03-2018,1.497560275,1.949573906,17.99751361
03-10-2021,1.563981802,1.903040579,16.10898239
21-03-2022,1.442242231,2.180060877,18.56957665
15-11-2021,1.457456905,1.861662313,18.0597155
16-02-2021,1.51170509,1.880201954,17.04318037
25-12-2018,1.5421439,1.87381541,16.90778308
26-09-2020,1.651860521,1.995587632,14.30395445
12-03-2019,1.513706868,1.768263634,16.27303121
10-10-2019,1.406724545,1.95293008,27.36867723
21-08-2018,1.457342681,2.261144415,18.05563578
13-02-2020,1.550563799,1.886641165,16.6788199
25-03-2018,1.400818793,1.874777571,19.13009718
03-09-2022,1.511128095,1.877359295,27.60673235
25-11-2020,1.444470943,1.834573633,31.20404843
13-05-2021,1.349091516,1.665968714,17.664851
05-06-2021,1.470007073,1.904528641,16.51322409
09-09-2020,1.447211309,1.762385782,15.91897805
01-03-2020,1.512732465,1.860918088,15.5940854
17-08-2022,1.441558743,1.677536809,18.64892074
24-01-2018,1.489715492,1.936750328,16.90322889
20-10-2018,1.56582931,2.013603494,9.420643875
06-02-2022,1.541225402,1.827227013,9.586870403
20-01-2022,1.570907141,2.030952658,16.20191626
07-04-2019,1.544493724,2.196976702,17.81579554
29-06-2019,1.676072947,2.26793167,17.9984484
19-12-2018,1.437984901,1.649323853,16.84811995
23-05-2020,1.538621897,1.817333478,17.45686533
10-02-2018,1.460448348,1.86139941,19.24781157
28-08-2019,1.598959432,1.87472054,24.21426667
08-12-2021,1.418711007,1.580559837,15.8968326
08-11-2020,1.349759147,1.656049454,18.21421382
24-04-2019,1.498725357,1.950423834,12.57588615
16-06-2018,1.278588825,1.600105088,16.87896907
04-08-2021,1.622655544,1.942361732,16.26208656
14-03-2021,1.551196617,2.174922228,17.82939309
03-10-2018,1.517220215,2.075538367,16.66735142
18-07-2021,1.262342156,1.528677639,15.40661983
16-10-2022,1.709363638,2.35693911,16.92152669
01-01-2020,1.657757386,1.804276155,17.30212494
31-03-2021,1.380248615,1.618923262,15.74336277
21-11-2021,1.591677069,1.961250797,9.351467469
03-09-2019,1.533127311,1.920889439,17.02307573
06-08-2020,1.402259752,1.893024865,16.7793438
22-10-2020,1.561887435,1.849016779,16.63450898
31-12-2018,1.54169,2.011201475,17.16975813
24-11-2021,1.540718319,1.911140628,15.94821436
08-06-2021,1.494130504,1.933107789,17.01424267
18-06-2019,1.518264186,2.140606711,15.51648951
16-05-2018,1.607689696,1.897493265,16.67768287
09-04-2021,1.462355702,1.928783805,16.17110271
14-11-2022,1.481770316,1.707554454,17.85270807
01-11-2018,1.343215973,1.576333875,15.28903289
27-01-2018,1.354394192,1.670688252,17.19177765
15-07-2018,1.42250589,1.764088659,16.14688628
19-02-2020,1.495142373,1.865116744,16.88544236
25-09-2021,1.570281391,2.01277468,9.265993214
11-07-2022,1.798444064,2.137476658,24.85971198
17-08-2019,1.631201646,1.924813952,17.39959164
08-02-2021,1.615589468,1.949284197,15.6509175
13-09-2018,1.541589388,1.808958798,28.70721777
07-03-2020,1.474270603,1.735454919,16.94091812
22-05-2021,1.508276779,2.166317648,18.72340919
28-06-2018,1.403342674,1.89817419,17.81955135
21-12-2019,1.627919383,1.905054981,18.32491082
06-05-2019,1.341950755,1.89151349,17.28557127
05-10-2020,1.251130987,1.542650623,16.9127739
17-03-2018,1.343482806,1.873421549,17.57699134
30-03-2022,1.449964637,2.248982869,17.49330866
17-01-2019,1.54033986,1.946330842,16.3298929
13-08-2021,1.482599348,1.745519347,17.71437218
24-06-2022,1.497332898,2.020336384,16.1445708
29-01-2022,1.54531348,1.737278811,17.12047418
12-02-2019,1.457873969,1.780883352,15.58687747
16-04-2022,1.433721769,1.595639381,18.16462052
01-06-2020,1.731392291,1.903637138,18.14143522
30-04-2019,1.737975523,2.468182217,18.17404599
03-04-2018,1.51898811,1.797760579,17.03832419
08-11-2019,1.569620258,2.097074962,18.61799037
25-04-2020,1.52695346,1.925666694,9.821989674
09-09-2022,1.575198842,1.852240502,16.49450374
27-08-2018,1.417626466,1.774894271,17.99912107
07-01-2020,1.579050664,1.808981873,15.85896024
22-07-2019,1.298037414,1.89517769,19.47998923
27-12-2022,1.514641231,1.99369931,16.22053198
31-07-2020,1.427108714,1.608990796,30.40939536
05-07-2019,1.69754694,2.044524018,28.57446688
12-10-2021,1.642939852,1.819171844,16.99882727
27-07-2021,1.482179518,2.133997711,16.4688798
12-05-2020,1.393761474,1.854343231,19.24880505
04-12-2020,1.491560697,2.130497588,15.55695734
26-10-2018,1.475491136,1.889656309,26.20593484
23-08-2022,1.386404088,1.877815253,16.98364373
23-03-2021,1.441119167,2.059450996,18.39128545
17-11-2020,1.477726583,1.922434858,18.54896954
01-03-2019,1.679666866,1.938151789,17.53571949
15-02-2022,1.559068867,1.892479067,17.31316159
02-02-2018,1.567331039,1.87519282,27.71141265
26-09-2019,1.77991895,2.146330099,15.19915314
10-04-2019,1.416711136,1.881982397,17.74771409
13-03-2020,1.436646803,1.735261741,16.23404988
04-06-2022,1.59033073,1.986992938,15.42375136
14-07-2020,1.577967663,2.211729988,18.40594304
18-02-2022,1.424895509,1.786339002,14.93016994
23-04-2018,1.735903385,2.081676565,16.33347536
16-08-2021,1.500386611,1.824759835,18.44763188
02-09-2021,1.255852462,1.647256314,16.56589427
25-11-2019,1.751335648,2.144308514,18.1594061
23-01-2019,1.570083671,1.833810404,17.07031158
20-08-2022,1.593446831,1.700022021,18.07215082
07-08-2018,1.4512234,1.812166178,16.34490602
17-03-2021,1.518125628,1.688615753,17.68717621
03-08-2022,1.506330352,1.851822913,16.96910957
15-10-2021,1.4529238,1.994549983,16.61129662
07-12-2022,1.35972313,1.685519163,16.46646688
16-01-2021,1.426022153,2.08990635,16.18876573
30-03-2020,1.394536087,1.956302615,16.46374449
06-10-2018,1.42627458,1.738226383,18.69647256
26-08-2020,1.56932211,1.877801678,17.80295008
12-09-2020,1.601127715,1.79410356,16.48299395
07-03-2022,1.497220339,1.982467755,17.60943264
23-05-2019,1.385688762,1.921488344,18.00127414
09-02-2019,1.581219233,1.823741017,17.4394963
30-12-2020,1.344918653,1.686051779,16.31952132
22-02-2018,1.495112451,1.989423569,17.10562688
01-11-2021,1.540004607,1.949062198,16.92733718
09-09-2019,1.440479528,1.773889311,16.18033593
21-07-2021,1.512007628,2.260643244,9.252424477
11-03-2018,1.588800735,1.918368957,18.61983652
12-04-2021,1.373643601,1.885536518,16.23548776
19-09-2018,1.524790477,1.904987567,26.86745869
06-01-2022,1.460353689,1.855656635,17.60040516
01-12-2022,1.466675445,1.859498015,12.34571498
18-11-2018,1.449829782,1.883321406,16.61350334
02-06-2018,1.570282676,1.87341003,13.93148057
14-08-2019,1.574547988,1.875036267,16.03389135
02-10-2022,1.46910195,1.768085554,2.02E-16
30-01-2020,1.574393095,1.823281105,17.92174657
07-11-2021,1.619844235,2.097527791,16.64912213
29-04-2021,1.53921768,1.91726878,17.76284095
08-10-2020,1.369850246,1.837810681,17.74948409
24-03-2019,1.32080465,1.710838484,16.49138097
04-07-2021,1.464430449,1.761617421,17.95676013
23-01-2022,1.394463339,1.81720836,16.88279651
10-01-2018,1.452305838,1.629643852,18.3452479
29-05-2022,1.353121835,1.792932927,18.97713093
28-02-2021,1.554030887,2.141779502,16.82212182
16-02-2020,1.44939498,2.086810505,16.67022927
15-09-2022,1.597474254,1.869468855,15.78893302
01-12-2019,1.569960249,1.847869218,18.1776414
28-07-2019,1.389677621,1.919660955,16.21859925
12-05-2022,1.464662219,1.76022675,17.45255972
21-06-2020,1.386650592,1.606523547,13.7236226
05-12-2018,1.395756504,1.738464032,17.26996989
25-10-2020,1.415709976,1.98021575,14.6804413
19-10-2019,1.646093694,1.923800049,15.60868174
03-05-2019,1.585900115,1.96885432,25.51556039
30-08-2018,1.54093778,2.058374776,16.89845293
14-03-2018,1.555158874,1.830334168,9.746181014
12-09-2022,1.360376053,1.64336187,17.36938828
27-03-2022,1.560520261,1.916955139,17.72145238
10-08-2021,1.585733651,2.057834336,18.16132374
05-02-2021,1.333978434,1.567859671,17.14066659
31-03-2018,1.451564677,1.818842927,13.34383823
24-07-2021,1.381065395,1.707026951,20.20339499
16-09-2018,1.381253822,2.010371604,17.46288592
18-12-2019,1.622034305,2.094120207,17.00448369
04-06-2020,1.338847865,1.566447652,16.72269479
09-01-2022,1.433125962,1.823534974,17.4650972
05-11-2019,1.433233667,1.771056564,20.32038715
29-10-2018,1.468865647,1.730837797,17.2600218
26-08-2022,1.405171188,1.718115072,15.21027715
24-12-2020,1.320935191,2.298810204,17.75119318
11-11-2022,1.578572925,2.128948078,16.22052977
02-07-2019,1.560016828,1.775433923,16.34098326
22-04-2020,1.501023349,1.852772907,15.79315126
30-01-2018,1.465124743,1.696649138,16.65172119
22-09-2021,1.779143937,2.051990225,14.88163954
04-03-2019,1.478728549,1.667999354,17.65917328
26-01-2022,1.458543571,1.837560976,15.37234358
21-03-2019,1.527544168,1.793187134,16.49273551
13-01-2018,1.528252078,1.705531815,16.49634081
03-08-2020,1.510069769,1.811307282,16.80455005
07-12-2020,1.372908126,1.763814386,16.78102131
09-05-2020,1.521875799,2.047407174,15.63418364
15-11-2018,1.394320662,1.705485422,17.08568673
15-06-2019,1.554677342,1.902707119,16.91965701
20-03-2021,1.439814211,2.1419767,14.51984387
14-12-2021,1.603959004,1.99544632,16.03027931
25-10-2022,1.607036829,2.470656431,15.51506526
22-02-2020,1.557667115,2.071669724,17.75639701
02-10-2020,1.631613233,1.953645983,18.06593146
24-12-2022,1.385362645,1.895572777,17.12163503
10-03-2020,1.827083661,2.10052632,16.80871197
23-09-2019,1.475479317,1.863031069,18.28951965
11-12-2018,1.526317669,1.785673307,16.7323969
17-07-2020,1.389240752,1.981302995,9.374252682
27-11-2021,1.437688969,1.941581249,16.65428911
25-06-2018,1.330306128,1.836287795,16.53732934
11-06-2021,1.575341634,1.795164892,18.1220755
15-09-2020,1.478274556,1.661719762,18.62142593
10-01-2020,1.539667027,1.903721712,17.90972732
24-08-2018,1.508285368,1.901401676,16.58318046
16-04-2019,1.421374762,2.101753739,16.4272121
02-04-2022,1.401185038,1.840553642,15.17738798
08-06-2018,1.259445762,1.504068997,27.17802391
06-09-2019,1.531880361,1.892566856,16.80209675
25-05-2021,1.533811748,2.315841584,24.07652134
21-06-2022,1.552669779,2.061032063,16.37190854
19-04-2022,1.414827075,1.831860816,23.00921228
28-12-2018,1.572460905,1.937186423,15.33206345
06-04-2018,1.536214641,2.190021263,15.51663088
19-01-2021,1.543816818,1.981912458,16.97016423
26-05-2019,1.610095751,2.404670163,17.8144689
27-01-2020,1.545741096,2.051711433,17.61688873
14-11-2020,1.311874491,1.647083415,16.97512699
05-10-2022,1.48915494,2.075101985,18.78814878
22-06-2018,1.587957912,1.939759274,18.15643272
19-02-2018,1.392085786,1.85675742,17.75814007
17-12-2021,1.491272298,1.795130398,17.89199089
08-12-2018,1.505121097,1.87685535,25.17847818
02-05-2021,1.544549426,2.096601308,18.02386588
13-01-2021,1.516039515,1.729153103,17.22080785
01-07-2021,1.237014353,1.775354297,15.67516278
18-10-2021,1.898472506,2.391310817,17.10948497
15-05-2020,1.528216955,1.969629021,16.23560599
04-12-2022,1.519129027,1.953744936,15.35694437
09-10-2018,1.494216357,1.983725291,17.09678032
22-10-2022,1.520580349,1.97765626,16.16204743
18-06-2022,1.836699979,2.396132705,16.02457443
03-03-2021,1.636196975,2.314573744,18.23422035
05-06-2018,1.383510358,1.676787511,16.36258585
19-05-2021,1.54563915,1.914358725,17.45632701
28-11-2019,1.449435719,1.735297725,14.92814707
30-08-2021,1.475375856,2.096736754,17.1938288
14-06-2021,1.311373674,1.731362176,17.462504
22-04-2022,1.336953844,1.80590568,17.14056264
25-07-2019,1.549214147,2.00547687,15.84269589
13-04-2019,1.641554936,2.159281225,16.43871456
03-01-2022,1.459402283,1.835966509,14.75975583
28-10-2020,1.434082109,1.848223273,16.14016489
08-07-2019,1.60104281,2.040195168,18.07529449
11-07-2020,1.333535736,1.667486541,16.97958962
01-06-2022,1.50570449,1.686335013,15.15633826
05-09-2021,1.437624908,1.751881139,16.95103945
25-02-2021,1.454346492,1.89613247,17.5079814
26-04-2018,1.402424586,1.715365732,17.68634813
09-05-2022,1.65011326,2.032677314,27.9170801
17-11-2022,1.535271123,1.903633457,16.76414136
24-06-2020,1.634316049,1.885188716,16.69005188
20-01-2019,1.34800501,1.598296839,16.69192006
10-12-2020,1.486089339,1.814459694,17.52749632
04-08-2018,1.447765956,1.797374652,16.68805633
15-12-2019,1.443095044,1.727081124,17.43185125
02-04-2020,1.465167925,1.856299388,17.40327657
31-07-2022,1.508082684,1.742776986,14.84361558
18-07-2018,1.448874057,1.787497802,16.98135579
16-10-2019,1.431612236,2.100928788,17.53332817
07-01-2018,1.612241353,2.021939012,16.83334867
13-05-2018,1.494073053,1.855375961,17.01862804
21-11-2018,1.476077913,1.984708242,17.16311405
23-08-2020,1.531226781,2.00354632,17.36934017
06-02-2019,1.517332898,2.096421306,17.57852167
10-03-2022,1.613341169,2.060572783,17.07725865
04-11-2021,1.619510519,1.949081762,17.66957971
12-06-2019,1.514677401,2.020025654,16.95235145
29-09-2019,1.500808909,1.926175361,13.44824756
19-04-2020,1.407502917,1.853339707,15.67567251
27-12-2020,1.401723819,1.654141909,18.60717738
14-07-2022,1.503858419,1.947481262,18.26870559
04-12-2019,1.557713938,1.927321535,17.02621538
06-11-2020,1.498050266,1.919749968,17.2169171
02-04-2019,1.482053742,1.878486269,19.89803867
24-02-2022,1.511669287,2.381874006,13.07095887
16-08-2018,1.580980733,1.836988513,17.337467
22-01-2021,1.179212788,1.855511084,16.26985958
11-02-2018,1.578037823,1.982761983,16.00307996
29-08-2022,1.516113831,1.991012103,8.956730519
05-01-2021,1.664601026,2.174108171,10.59912213
12-08-2022,1.612014324,1.77024084,18.36696386
13-03-2022,1.582223484,2.34029787,17.49888697
28-02-2018,1.709208746,1.908220707,16.85272305
05-10-2019,1.535851772,1.799960423,17.31445461
19-04-2019,1.534025397,2.109748233,18.23931411
23-06-2021,1.452471083,1.993721722,17.47344337
11-10-2022,1.372805233,1.658322142,16.32801739
01-06-2019,1.502856438,2.294381542,18.50614838
23-11-2020,1.495090312,1.825162392,29.99696995
17-11-2019,1.615030958,2.128484713,16.44766119
11-05-2021,1.625650702,1.860878049,16.94114479
22-03-2020,1.522914322,1.948374224,17.2776596
22-08-2021,1.579092154,2.080415382,17.81702351
20-07-2020,1.39030377,1.652104066,17.73722182
12-01-2022,1.265673098,1.607675235,15.14384851
28-09-2018,1.537203162,1.978165217,17.06525999
08-09-2021,1.581614357,1.98283153,16.09270705
18-02-2019,1.46859814,1.677855626,18.30208578
15-10-2018,1.417241952,1.955732659,16.3479609
28-10-2022,1.504342331,2.31455574,17.16384406
08-04-2020,1.488605313,2.086684823,15.91346707
26-12-2021,1.232186225,1.675038326,17.84860244
03-07-2020,1.393789147,1.716058918,16.28242627
01-05-2022,1.440429637,1.768910598,14.05065111
16-01-2018,1.603882652,2.260599482,16.56576081
28-05-2021,1.487128325,1.753929759,15.00665219
15-05-2019,1.494196528,2.122639716,15.97408378
11-06-2018,1.378580321,1.964937119,16.44109916
24-09-2022,1.751704389,1.952288108,18.40153018
01-09-2020,1.499888056,1.902489202,18.10485669
08-02-2020,1.54177979,1.770656394,17.0061194
06-08-2019,1.509718882,1.691345827,15.13094734
26-01-2019,1.403152529,1.968091799,10.81284218
23-11-2022,1.474854011,1.907103448,15.02614751
18-09-2020,1.383766933,1.667736982,16.91515147
23-08-2019,1.58968973,2.109023567,17.7443468
17-02-2021,1.596479579,2.025309545,13.68576288
05-05-2018,1.555297587,1.966311168,17.05635909
07-06-2022,1.667508341,2.033774562,15.81119661
25-05-2018,1.493788427,1.903559538,16.60250295
18-05-2022,1.588848695,1.944483552,16.83207117
31-10-2020,1.388127341,1.572387194,17.99492399
14-12-2018,1.504315966,1.942485175,16.38706004
30-11-2021,1.376840232,1.737000531,16.89646959
10-08-2018,1.424140629,1.7488158,18.38694872
06-03-2021,1.422778227,1.633645708,16.85408352
22-10-2019,1.702302964,1.837297375,17.53772289
19-03-2022,1.561556808,1.948979878,10.21512796
06-08-2022,1.39708897,1.945152142,18.31717221
24-07-2018,1.410438519,1.878037619,16.9871604
10-07-2021,1.596359071,2.063452488,17.51955992
25-02-2020,1.542541631,2.309112273,17.66819839
15-08-2020,1.61381942,1.869499345,17.24890606
27-11-2018,1.575164465,1.761962927,18.24907062
13-11-2021,1.39057806,1.903056458,17.09323453
10-12-2022,1.389466837,1.674142659,25.45900159
11-07-2019,1.383512347,1.760333011,16.72248209
22-05-2018,1.56511404,2.211025349,17.64947213
21-05-2022,1.510872798,1.880486161,17.25509299
27-12-2019,1.343688877,1.801464142,19.03493855
05-02-2018,1.585266231,1.851121467,14.73351804
14-10-2020,1.372128216,1.863154539,10.2053639
21-09-2022,1.501400625,1.828546741,18.60514074
31-05-2021,1.511945438,2.352522045,17.61432304
19-01-2018,1.397560754,1.825082079,10.4646437
12-05-2019,1.5443434,1.980147067,15.69873521
01-02-2022,1.545887033,1.879618751,15.46582753
28-10-2019,1.553435521,2.017901161,14.37032069
27-06-2020,1.364178769,1.663714288,22.97826762
13-12-2020,1.534495839,1.729280964,19.23327877
24-06-2019,1.530552773,1.978132448,16.94371105
18-04-2021,1.331371562,1.502775671,17.28232692
03-11-2022,1.550960379,2.243302861,13.95296328
21-07-2018,1.467848341,1.785051951,17.91600048
13-01-2020,1.440859935,1.703600515,15.58636101
24-11-2018,1.490664878,2.192408652,24.75311052
03-12-2021,1.353702114,1.562307741,30.31385446
01-05-2020,1.373505764,2.190281381,18.99742409
10-06-2020,1.452745647,1.766296555,18.72271762
20-11-2022,1.518651162,1.809157961,17.6160648
07-11-2018,1.483704207,2.274715137,16.06637791
30-07-2021,1.58286807,2.359425672,15.64248439
13-03-2019,1.596792414,2.055260353,17.46681001
05-05-2021,1.448484375,1.901291151,16.38660222
21-10-2021,1.640574379,1.906540846,17.95317321
20-12-2018,1.494816769,2.02632938,17.13255972
17-07-2022,1.54813479,1.880836712,19.23537891
04-07-2018,1.270312449,1.716780483,15.86132707
18-05-2020,1.573825091,2.104241106,15.91180956
08-04-2022,1.446251238,1.805488133,17.03130221
29-05-2019,1.398960497,1.99955126,16.2126514
07-03-2019,1.465552611,1.824202127,16.35869895
30-06-2022,1.393551721,1.611538132,17.42948691
09-08-2020,1.607841521,2.331167797,16.4777749
25-01-2021,1.561666275,1.856597603,15.43855043
12-04-2018,1.510128148,1.754076814,17.56489813
20-12-2021,1.550465086,1.89421428,16.43941297
16-12-2022,1.348647279,1.746139731,15.7266449
15-09-2019,1.563558468,1.784300134,18.17678305
06-01-2019,1.481037645,1.980081609,17.23689041
04-10-2021,1.626081905,1.885486982,16.42684274
25-04-2022,1.391042964,1.894751886,17.6432537
23-07-2020,1.548269738,1.823877809,16.88071835
26-11-2020,1.543677969,1.909724382,17.7460804
14-11-2019,1.410561314,1.764331002,16.32420306
11-02-2021,1.533570863,1.969484908,16.49904199
07-02-2022,1.486004486,2.177425152,17.74819068
02-09-2018,1.276931966,1.806666497,17.437097
29-04-2018,1.543239442,2.038376218,16.66593289
19-03-2020,1.363499411,1.845714231,14.14269204
17-06-2021,1.594401873,1.980039442,16.27341066
21-09-2020,1.605334276,2.028902969,27.49324784
19-01-2020,1.409958741,1.745289874,16.68599468
13-12-2022,1.524218133,1.851647432,14.67357297
27-06-2022,1.586289386,1.910487228,17.42468445
10-11-2021,1.458413709,2.35289045,15.64602387
05-04-2020,1.738842747,2.277569357,17.18082006
14-10-2022,1.402213515,1.833924463,17.13808047
20-11-2020,1.448291818,1.856395507,16.26893676
14-06-2018,1.410332959,1.81321498,16.55715586
28-04-2022,1.679696801,1.932201781,16.13141334
15-02-2019,1.470375865,2.035873187,18.41471252
03-08-2019,1.36645635,1.724915684,17.44228548
09-03-2021,1.578612034,1.890326349,15.533254
26-03-2021,1.464834999,1.935082526,19.17218799
02-10-2019,1.378696911,1.805124952,15.97530056
02-05-2018,1.574170379,2.04867307,18.48998747
10-06-2022,1.430769036,2.005880983,16.78056791
15-05-2022,1.443134394,1.67163722,17.36439659
24-10-2021,1.551168215,2.084505318,16.73409891
30-12-2022,1.5183814,1.890143549,17.65683871
17-12-2018,1.487443156,1.837362386,15.34198823
04-09-2020,1.706499094,2.008999037,11.7091635
07-07-2021,1.507378398,1.940701487,17.01769614
05-02-2020,1.487593083,1.911618337,17.3252551
27-02-2022,1.559043687,1.904750815,15.96948193
13-08-2018,1.418009084,1.769675415,25.52367746
28-09-2021,1.514646924,1.993642571,16.4950064
03-03-2018,1.505851313,1.77965991,16.79799075
30-03-2019,1.595889639,1.952919147,17.50736097
27-07-2018,1.496006826,1.947841273,16.20940373
13-07-2021,1.466900592,1.967492383,15.52007812
16-03-2022,1.486176878,1.766947452,16.91919571
09-08-2022,1.502602822,1.926327906,9.660600852
02-01-2021,1.451860444,1.704316561,17.1459648
12-10-2018,1.460618737,2.047054381,9.834179483
07-12-2019,1.563909211,1.945379694,17.88979701
03-11-2020,1.492171631,1.785487003,16.01143727
21-06-2019,1.420901805,1.590467162,18.98645475
21-04-2021,1.512719353,1.657602583,20.19725642
29-01-2019,1.400130756,1.603970981,17.56816302
11-09-2021,1.346502281,1.745764524,19.00107869
23-07-2022,1.693528645,1.914090319,16.89265236
20-08-2019,1.403316727,1.830340904,14.87695868
11-04-2020,1.444442518,1.790476375,18.20643344
30-06-2020,1.68878723,2.144754163,16.3880737
04-06-2019,1.529191031,2.128706487,27.65872153
20-03-2018,1.491641669,1.796989166,17.83273997
08-05-2021,1.598490824,1.884274437,17.17068493
08-10-2022,1.596287821,1.890338788,25.03099795
15-01-2022,1.447111474,1.83474632,16.74314609
25-09-2018,1.440331284,1.83987423,19.19556364
24-12-2019,1.607452355,2.277404985,14.833024
11-11-2019,1.381229568,1.805902237,17.42726613
26-08-2019,1.525462076,1.688152352,18.33029264
28-04-2020,1.620576007,1.985289609,16.63885521
13-06-2020,1.379558803,1.803673985,16.88457148
14-02-2021,1.591962218,1.716625538,17.95519841
22-09-2018,1.429230437,1.652682183,17.0038725
02-08-2021,1.370514622,1.77786143,16.62636013
10-03-2019,1.50583714,1.74126796,18.1702374
27-03-2019,1.466687213,1.61840392,16.60147765
23-03-2018,1.593609138,1.865634224,17.8499011
29-08-2020,1.399145692,1.594325529,18.32537914
07-07-2018,1.505540746,1.788151303,9.138696378
20-07-2022,1.692236303,1.97880631,18.01012638
05-04-2022,1.570794317,1.991392514,16.98439702
16-12-2020,1.644840046,1.894634882,18.46377284
18-09-2022,1.403914416,1.844346768,16.98576123
05-09-2018,1.52932921,2.057037203,16.22432865
09-04-2018,1.407890127,2.01128013,17.31853576
28-02-2020,1.197991835,1.476313107,15.97691036
04-02-2022,1.409877033,1.865239471,16.86658243
14-09-2021,1.437169715,1.742132686,27.45206966
12-08-2020,1.550095387,1.894893453,16.98488054
25-10-2019,1.55254696,2.135101054,27.36868963
09-01-2019,1.51471678,1.887203425,15.93437719
01-10-2021,1.374513903,1.595449973,17.89896223
16-03-2020,1.569838085,2.015201156,17.45177087
19-05-2018,1.838158364,2.10633834,17.63677946
08-02-2018,1.517469118,1.812830941,16.37762487
04-11-2018,1.53785676,1.984513119,17.07158192
06-12-2021,1.446842728,2.111450579,28.20482586
20-06-2021,1.327071965,1.758132611,16.91735498
31-07-2019,1.732535563,2.251882705,16.48287022
22-04-2019,1.328665083,1.743384201,17.88230341
30-12-2019,1.394454965,1.607617072,15.27811138
14-07-2019,1.509055096,1.807292682,15.0882086
03-01-2019,1.538284179,1.831452034,18.389254
29-03-2021,1.475283943,2.119717445,16.93022092
11-10-2020,1.444365053,1.934112461,18.11668541
21-02-2022,1.377655301,1.827880642,16.30984713
01-09-2022,1.57710924,1.89429237,16.39625272
09-05-2019,1.432680301,1.929651929,16.71320053
19-08-2021,1.549562998,1.932138563,15.88717348
07-06-2020,1.385045252,1.878398507,16.77196364
25-02-2018,1.539460695,2.058240236,18.48087656
02-02-2020,1.449132382,1.733801626,17.10998623
12-09-2019,1.604526651,1.90529441,17.26822961
23-12-2021,1.453715393,1.799832294,17.3195627
18-10-2018,1.61790555,2.237540778,19.07169097
31-10-2022,1.4595046,1.790545119,17.74250495
28-01-2021,1.281831737,1.656559399,15.9195144
15-04-2021,1.421950476,1.681122481,16.7770892
16-01-2020,1.396479966,1.793131472,17.33684475
24-09-2020,1.408574208,1.774865369,18.50932683
21-05-2020,1.422573441,1.641862987,15.75909765
01-07-2018,1.429706436,1.76745257,8.584888672
